Nama Produk;Harga;Toko;Lokasi;Rating;Terjual;
Notebook NEC PC-VKF11T1B1  2 In 1 Touchscreen  Layar bisa  jadi Tablet  Intel Celeron-N3350  Hd Graphics  Ram 4/128Gb  #Keyboard RGB  Lengkap Silver Black;Rp1.500.000;Partisi Store;Jakarta Barat;N/A;N/A; 
PC KANTOR BISA JADI PC GAMING;Rp2.000.000;toko OPTIMA;Cirebon;N/A;N/A;
Pc gaming fullset auto rata kanan | Nego sampai jadi;Rp11.000.000;INDSELFCARE;Jakarta Pusat;N/A;N/A;
Umpc Handhled Gaming One X player 2 16gb 1tb Amd Ryzen 7 6800U Gaming portable bisa jadi mini PC windows 11 bukan asus rog ally ios android;Rp10.800.000;X-GO.iD;Kab. Klaten;N/A;N/A;
PC GAMING FULL SET SIAP PAKAI SUDAH SSD JADI ANTI LEMOT SIAP PES 2021;Rp3.260.000;nabila-onlineshope;Kab. Bandung;5.0;1 terjual;
;;;;;;
;;;;;;
;;;;;;
;;;;;;
;;;;;;
;;;;;;
;;;;;;
;;;;;;
;;;;;;
;;;;;;
;;;;;;
;;;;;;
;;;;;;
;;;;;;
