Nama Produk,Harga,Toko,Lokasi,Rating,Terjual
1 Set PC Gaming Dan Editing,5000000,R-Omota,Jakarta Timur,0.0,0.0
PC Gaming Komputer ex Warnet,1999999,iMba Thrift,Tangerang Selatan,0.0,0.0
PC GAMING PRELOVED KONDISI BAGUS,1400000,Loligames,Kab. Bandung Barat,0.0,0.0
PC GAMING INTEL CORE I3 10100F Gen 10 TERBARU,2850000,POINT99 COMPUTER,Bandung,4.9,100.0
Pc gaming murah premium package,3608000,NONSTOP GADGET,Semarang,0.0,0.0
Meja Gaming / Gaming Desk / Meja PC Black Raven Series RVN0620B,5499000,NearH,Jakarta Timur,0.0,0.0
PC EDITING & GAMING - SECOND TERAWAT,8500000,adewmotret,Jakarta Selatan,0.0,0.0
[Bekas]PC Rakitan Gaming VGA Siap UNBK Kantor Full Game Murah Branded,1250000,Process Graph,Jakarta Timur,4.8,23.0
Komputer PC All-in-One Baru Layar Lengkung Gaming 24 Inci Core i3/i5/i7 RAM 16GB SSD 1TB Komputer Set Lengkap untuk Gaming dan Kantor dengan Bonus Keyboard dan Mouse,4883700,ASVS Computer,Jakarta Pusat,5.0,1.0
PC Gaming Murah Dual VGA merk MSI,2800000,Xiaomi Station Surabaya,Surabaya,0.0,0.0
PAKET PC GAMING MURAH 2Jt Fullset,2300000,Point PC,Jakarta Timur,0.0,0.0
pc gaming core i5,1500000,Rhevan Central Computindo,Tangerang Selatan,5.0,1.0
Komputer PC Gaming murah AMD nego,3900000,PT Cahaya Digital Indonesia,Kab. Ponorogo,0.0,0.0
PC GAMING SPEC ATAS SECOND VERY GOOD LIKE NEW,8000000,BINTANG SURYA DHARMA,Kab. Bogor,0.0,0.0
ASUS ROG NUC 760 NUC14SRKU7 - Ultra 7 155H/16GB/512GB SSD/RTX 4060/Win11 Home - Gaming Mini PC,28399000,JnJ Online,Jakarta Pusat,5.0,5.0
PC gaming,3600000,denbernard,Semarang,0.0,0.0
PC  Gaming I5 10400F komputer,4000000,MG`Store,Bekasi,0.0,0.0
PC gaming low harga low amd,1050000,DugelStore,Surabaya,0.0,0.0
pc gaming fullset siap pakai,3150000,Niubiekomp Solutions,Kab. Tangerang,0.0,0.0
Komputer PC Gaming 1 jutaaan Fullset Siap Pakai Dengan Layar 19 inch,1490000,PDolshop.,Kab. Bekasi,5.0,2.0
1STPLAYER ARMOUR 750W Gaming PSU | PS-750AR 80+ Gold | Power Supply PC,1084888,ToniX Computer,Jakarta Pusat,5.0,3.0
PC Gaming Murah (Take All) Bonus Meja,7500000,bakoel-online,Bogor,0.0,0.0
"PC GAMING LIVE STREAMING i7 6700, RAM 8GB DDR4, SSD 128GB, HDD 1TB, Bekas",2200000,GlowingCare,Jakarta Barat,0.0,0.0
PC Gaming MSI Aegis,12000000,ZATALA SHOP,Jakarta Timur,0.0,0.0
Komputer pc design dan gaming fullset bisa wifi sudah ssd anti lemot,3450000,Inaksesoris,Jakarta Barat,5.0,2.0
pc gaming fullset (Nego wajar),7000000,Jose Shoop,Tangerang,0.0,0.0
PC Gaming Editing i5 4570,1100000,ladstore,Tangerang,0.0,0.0
"Pc Gaming Rakitan Mid end Kolpri + Bonus (spek sangar, harga terbaik)",3500000,ALVATAR SHOP,Bekasi,0.0,0.0
KOMPUTER PC GAMING SET INTEL i5 MURAH,4250000,BuyConsign,Surabaya,0.0,0.0
PC Gaming Siap Rata Kanan,10999999,Hero Daily Needs,Kab. Sukoharjo,0.0,0.0
PC GAMING i3 / GTX 1660SUPER / RAM 16GB / DLL,4150000,SkidRow,Jakarta Selatan,0.0,0.0
ASUS ROG NUC MINI PC GAMING 2025 ULTRA 9 275HX 64GB RAM 2TB SSD RTX 5080 WIN 11 HOME,77200000,MYCOMSHOP,Jakarta Utara,0.0,0.0
PC Gaming Intel i9 14900K | RTX 5080 16GB | 32GB | NVMe - Rakitan Gaming PC,42970000,NENET COMPUTER,Bandung,5.0,1.0
PC Gaming AMD Ryzen 9 9900X3D/RTX 5080 16GB/NVME 2TB/DDR5 64GB Gaming-Editing-Streaming,22400000,BCM Computer_NEW,Bandung,0.0,0.0
PC Gaming Editing Intel i9 14900KF | RTX 5080 16GB | 32GB | NVMe - New Rakitan PC,49882000,NENET COMPUTER,Bandung,0.0,0.0
AGRES PYRO PC RYZEN 7 9700X RTX 5080 16GB/ 32GB 2TB WINDOWS 11 PRO WIFI + BT RAKITAN PC GAMING - PC RAKITAN - RTX 5080 - PC GAMING,34700000,Agres Komputer Official,Jakarta Utara,5.0,8.0
AGRES PYRO PC RYZEN 7 9800X3D RTX 5080 16GB/ 32GB 1TB WIFI + BT RAKITAN PC GAMING - PC RAKITAN - RTX 5080 - PC GAMING,40300000,Agres Komputer Official,Jakarta Utara,5.0,2.0
PC Build AMD Ryzen 9 9800X3D | 64GB DDR5 | SSD 2TB GEN5 | NVIDIA GEFORCE RTX 5080 16GB ASUS TUF GAMING,64210000,STAR17 COM,Jakarta Selatan,5.0,1.0
PC RAKITAN GAMING INTEL CORE I9 14900K - 32GB DDR5 RAM - SSD 2TB GEN4 - VGA GEFORCE RTX 5080 16GB DDR7 - WINDOWS 11,54625000,STAR17 COM,Jakarta Selatan,5.0,2.0
PC BUILD ROG GAMING | AMD RYZEN 9 9900X3D | 64GB DDR5 | SSD 2TB GEN5 | VGA ROG ASTRAL NVIDIA RTX 5080 16GB DDR7 | WINDOWS 11,75325000,STAR17 COM,Jakarta Selatan,5.0,1.0
PC Build ITX AMD RYZEN 7 9800X3D | 64GB DDR5 | SSD 2TB GEN5 | VGA GEFORCE RTX 5080 16GB DDR7 | GAMING 3D RENDER,62000000,STAR17 COM,Jakarta Selatan,5.0,2.0
PC BUILD RENDER GAMING | AMD RYZEN 9 9950X3D | 64GB DDR5 | SSD 2TB GEN5 | GEFORCE RTX 5080 16GB | WHITE EDITION,58860000,STAR17 COM,Jakarta Selatan,5.0,2.0
UV PRO+ Plus PC Komputer AMD Ryzen 7 | RTX 5080 16GB | DDR5 2x16GB 6000MHz | NVMe 1TB | 80+ Gold Gaming Editing Creator Design,35199000,UV Computer Mall,Medan,0.0,2.0
"Paket Bundle PC Gaming MSI MPG INFINITE X3 AI Ultra 9 RTX 5080 + Monitor 31.5"" MAG 32CQ6PF + UPS Vertiv 1500VA/1350W On-line Liebert GXE3-1500IMT",75700000,Vertiv Indonesia,Jakarta Utara,0.0,0.0
Paket Bundle PC Gaming MSI MPG INFINITE X3 AI Ultra 9 RTX 5080 + Monitor 27” MAG 275QF + UPS Vertiv 1500VA/1350W On-line Liebert GXE3-1500IMT,74500000,Vertiv Indonesia,Jakarta Utara,0.0,0.0
Paket Bundle PC Gaming MSI MPG INFINITE X3 AI Ultra 9 RTX 5080 + UPS Vertiv 1500VA/1350W On-line Liebert GXE3-1500IMT,72000000,Vertiv Indonesia,Jakarta Utara,0.0,0.0
"Paket Bundle PC Gaming MSI MPG INFINITE X3 AI Ultra 9 RTX 5080 + Monitor 34"" MAG 345CQR + UPS Vertiv 1500VA/1350W On-line Liebert GXE3-1500IMT",76300000,Vertiv Indonesia,Jakarta Utara,0.0,0.0
PC BUILD Rakitan gaming INTEL | RTX 5080 - BLACK EDITION,42710000,GASOL DINOYO MALANG,Malang,0.0,0.0
PC Gaming Myth AORUS Elite GeForce RTX 5080,38085000,Tech In Store,Jakarta Utara,0.0,0.0
PC Gaming Myth Alder 5 LE GeForce RTX 5080,35058900,Tech In Store,Jakarta Utara,0.0,0.0
PC Rakitan Gaming All White AMD Ryzen 7 9800X3D | VGA Galax Geforce RTX 5080 16GB GDDR7 White | RAM Kingbank Sharp Blade White RGB DDR5 32GB X 2 6000Mhz Heatsink | SSD ADATA Legend 900 1TB 2TB - PC Only,50590000,GX COMP,Bandung,0.0,0.0
PC Gaming Myth Alder 7 LE GeForce RTX 5080 - Ryzen 7,36742900,Tech In Store,Jakarta Utara,0.0,0.0
PC Gaming Myth Alder 5 LE GeForce RTX 5080 - Ryzen 5,34919900,Tech In Store,Jakarta Utara,0.0,0.0
PC Gaming Myth Alder 7 LE GeForce RTX 5080,36198900,Tech In Store,Jakarta Utara,0.0,0.0
PC Rakitan RYZEN 7 9800X3D | RAM 64 GB Kit | Asus TUF Gaming B850M Plus WIFI | ASUS TUF Gaming GeForce RTX 5080 16GB - PC Only,53416000,GX COMP,Bandung,0.0,0.0
Paket Bundle PC Gaming MSI MPG INFINITE X3 AI Ultra 9 RTX 5080 + UPS Vertiv 1500VA/1350W On-line Liebert GXE3-1500IMT,71900000,Multipro.id,Jakarta Utara,0.0,0.0
"Paket Bundle PC Gaming MSI MPG INFINITE X3 AI Ultra 9 RTX 5080 + Monitor 31.5"" MAG 32CQ6PF + UPS Vertiv 1500VA/1350W On-line Liebert GXE3-1500IMT",75600000,Multipro.id,Jakarta Utara,0.0,0.0
"Paket Bundle PC Gaming MSI MPG INFINITE X3 AI Ultra 9 RTX 5080 + Monitor 34"" MAG 345CQR + UPS Vertiv 1500VA/1350W On-line Liebert GXE3-1500IMT",76200000,Multipro.id,Jakarta Utara,0.0,0.0
Paket Bundle PC Gaming MSI MPG INFINITE X3 AI Ultra 9 RTX 5080 + Monitor 27” MAG 275QF + UPS Vertiv 1500VA/1350W On-line Liebert GXE3-1500IMT,74400000,Multipro.id,Jakarta Utara,0.0,0.0
Cooler Master PC Gaming Set - Myth Alder 5 LE GeForce RTX 5080 - Ryzen 5,34919900,Cooler Master Official,Jakarta Utara,0.0,0.0
Cooler Master PC Gaming Set - Myth Alder 7 LE GeForce RTX 5080 - Ryzen 7,36742900,Cooler Master Official,Jakarta Utara,0.0,0.0
Cooler Master PC Gaming Set - Myth Alder 7 LE GeForce RTX 5080,36198900,Cooler Master Official,Jakarta Utara,0.0,0.0
Cooler Master PC Gaming Set - Myth Alder 5 LE GeForce RTX 5080,35058900,Cooler Master Official,Jakarta Utara,0.0,0.0
IMBA CHEAPSHOT PRO IX R5 9600X RTX 5080 16GB/ 32GB 500GB RAKITAN GAMING PC - UGE-TR-EK-COC/D5,29400000,IMBA PC,Jakarta Utara,0.0,0.0
AGRES TITAN PC RYZEN 9 9950X3D RTX 5080 16GB/ 64GB 2TB WIFI + BT W11PRO RAKITAN PC GAMING,55790000,Agres Komputer Official,Jakarta Utara,0.0,0.0
IMBA CHEAPSHOT PRO 7S R7 7800X3D RTX 5080 16GB/ 32GB 500GB RAKITAN GAMING PC - UGE-TR-EK-COC/D5,34200000,IMBA PC,Jakarta Utara,0.0,0.0
PC GAMING FULLSET RTX 3060,8500000,Victimmae,Malang,0.0,0.0
"PC EDITING & GAMING RTX 3060 ,RAYZEN 5 5600x",11000000,Evdxx,Surabaya,0.0,0.0
PC gaming editing I7 / RTX 3060 / RAM 16GB / DLL,7500000,SkidRow,Jakarta Selatan,0.0,0.0
Pc gaming ryzen 5 Rtx 3060 12gb,7300000,peacegamer_id,Kab. Jepara,0.0,0.0
PC Gaming i7 12700K | RTX 3050-RTX 3060 |16GB DDR4 | DESIGN - EDITING,12350000,BCM Computer_NEW,Bandung,5.0,9.0
Pc Gaming Desing i5 12400f | Rtx 3060 12gb | 16gb | 512gb nvme |500gbb,9950000,Rakit PC 212,Tangerang,0.0,0.0
PC GAMING I5 - 12400F RTX 3060 COLORFUL IGAME,11000000,rizkytiting,Serang,0.0,0.0
PC Rakitan Gaming High End Intel Core i7 12700F + VGA RTX 3060 12GB,13500000,Hexacomputer,Surabaya,5.0,1.0
PC Rakitan Gaming i9 14900F ( RTX 3060 12GB DDR6 ) GEN 14 Cocok Editing Render,17025000,GT Computer,Bandung,0.0,0.0
PC Gaming Intel | i7-11700F | RTX 3060 12GB | 8GB RAM | 128GB NVMe,13000000,GGcomputers,Kab. Tangerang,5.0,3.0
PC Gaming AMD Ryzen 5 7500F I RTX 3060 12GB I DDR5 32GB I Editing - Gaming - Live Streaming,9900000,BCM Computer_NEW,Bandung,5.0,2.0
Gaming PC Ryzen 5 5600 RTX 3060 Ti 8GB DDR6 16GB Ram RGB NVMe White Grafis PES GTA Valorant Wukong Ragnarok,10000000,Djogjaholic,Kab. Sleman,0.0,0.0
PC Gaming | Intel Gen 12th | Core i5-12400F | RTX 3060 12GB | 16GB RAM,14499000,Carant,Jakarta Utara,0.0,1.0
Gaming PC Intel i5 10400F RTX 3060 12GB DDR6 16GB DDR4 RGB Grafis Render Lumion PES GTA Valorant Wukong,9000000,Djogjaholic,Kab. Sleman,0.0,0.0
PC GAMING RYZEN 5 5600 + RTX 3060,10500000,TIGA SERIGALA TEKNOLOGI,Jakarta Utara,0.0,0.0
Pc Gaming i3 13100F I 16Gb I 256Gb I 1tb I Rtx 3060 12Gb I VONN,6850000,Birrul Gaming Pc 08,Kab. Bandung,5.0,2.0
PC Gaming Komputer Rakitan PRO Ryzen 5 5600 RTX 3060,16800000,x-kom,Jakarta Barat,5.0,5.0
MURAH Pc Rakitan Pc Gaming sepaket Core i5 VGA GTX 1660 super no vga rtx 2060 rtx 3060 vga rx580 rx 5700 rx 580,5900000,Rijupa Boutique,Tangerang,0.0,0.0
MURAH PC Rakitan Pc Gaming Sepaket core i3 gen 9 vga rx 570 no vga rx580 vga rtx 2060 rtx 3060 gtx 1660 super,4999000,Rijupa Boutique,Tangerang,0.0,0.0
Pc Murah pc Fullset pc gaming pc editing core i3 gen 10 vga gtx 1660 super no gtx 1650 super rtx 2060 rtx 3060 rtx 4060 rx 6600,8700000,Rijupa Boutique,Tangerang,0.0,0.0
PC Gaming Design INTEL i7 11700F RTX 3060 12GB LG 25 inch 25um58,16600000,allmueza,Tangerang,5.0,1.0
Gaming PC i5 12400F RTX 3060 12GB DDR6 500GB NVMe 16GB DDR4 RGB Render Grafis Valorant GTA Genshin,10000000,Djogjaholic,Kab. Sleman,5.0,1.0
Gaming PC i5 14400 RTX 3060 12GB DDR6 NVMe 256GB Black Edition Non RGB Render Lumion,10500000,Djogjaholic,Kab. Sleman,0.0,0.0
ASUS PBA PC GAMING | TUF RTX 3060 | TUF B660 | INTEL CORE I5 12400,21499000,Dunia Storage Komputer,Jakarta Pusat,0.0,1.0
Gaming PC Ryzen 5 3600 RTX 3060 12GB DDR6 NVMe 16GB DDR4 RGB White Grafis Render,8650000,Djogjaholic,Kab. Sleman,0.0,0.0
PC RAKITAN PANDORA GAMING BOX - RYZEN 7 5700X - RTX 3060,14499000,Pemmz Official,Jakarta Barat,0.0,0.0
"pc fullset gaming RTX 3060, AMD Ryzen 7 5700x",13000000,Hirzan store 354,Bandung,0.0,0.0
PC/CPU/KOMPUTER RAKITAN GAMING i5 10400F RTX 4060/3050/3060 / GTX 750 TI GTX 1050,6150000,Gammacomputerpku,Pekanbaru,5.0,15.0
Gaming PC i7 12700 K F ROG 32GB DDR5 RTX 3060 12GB NVMe 1TB 20 CPU RGB,22000000,Djogjaholic,Kab. Sleman,0.0,0.0
RTX 3060 Geforce 12Gb VGA Gaming pc palit (144),2999999,visionex,Jakarta Pusat,0.0,0.0
PC GAMING LENGKAP MONITOR 24 I INTEL CORE i5 12400F I RTX 3060 I TOPP,8025000,IGame Store,Bandung,5.0,6.0
Gaming PC RTX 3060 - AMD Ryzen 5 | 500GB NVMe | 16GB RAM,12605000,Naya Tech,Bandung,5.0,2.0
PC Gaming - White Edition Full RGB - Core i5 12400F ft RTX 3060 12GB,16400000,BuanaPC,Tangerang,0.0,0.0
PC Gaming Komputer Rakitan PRO Intel i5 10400F RTX 3060,17400000,x-kom,Jakarta Barat,5.0,2.0
Pc Gaming design Core i3 12100f | 16gb | Rtx 3060 12gb | 512gb Nvme,9750000,Rakit PC 212,Tangerang,5.0,3.0
Gaming PC i5-12400 RTX 4060 RAM16GB Corsair RM650 650W,10700000,toserba_soerabaja,Surabaya,0.0,0.0
pc gaming core i7 12700f gen 12 ram 32gb vga rtx 4060 8gb ddr6,5350000,Maheswari9,Bandung,0.0,0.0
Mini PC Gamer Intel i7 13800H i9 12900H i7-12700H NVIDIA RTX 4060 3050 8G Desktop Gaming Mini Computer PCIE4.0 WiFi6 Windows 11,38363200,ANSHIERU STORE,Jakarta Pusat,0.0,0.0
Pc gaming i5 12400F/16gb/1Tb + 1Tb/rtx 4060 /monitor xiaomi 180hz,13850000,ZONA COMPUTER,Jakarta Selatan,0.0,0.0
JM PC Gaming Assasin 12400F feat RTX 4060 all New,9825000,G Komputer Semarang,Semarang,0.0,0.0
PC Gaming Intel Core i7 14700K | RTX 4060 8GB | DDR5 32GB | Siap Gaming editing & Live Stream,12155000,GT Computer,Bandung,5.0,2.0
PC Gaming AMD Ryzen 5 7500f | RTX 4060 8GB | 16GB | NVMe,10550000,GT Computer,Bandung,5.0,1.0
PC Gaming Editing RTX 4060 intel i5 12400F Ram 32GB DDR5 Ssd nvme pcie 4 Psu Corsair 550w,14107000,Raki gaming,Denpasar,5.0,1.0
PC Rakitan Gaming i7 12700F ( RTX 4060 8GB DDR6 ) GEN 12 Cocok Editing Render & Live Stream,7265000,GT Computer,Bandung,5.0,14.0
PC Rakitan Gaming Editing AMD Ryzen 5 5500 RTX 4060 Water Cooler,11475000,FroPC,Jakarta Pusat,0.0,0.0
"PC LENOVO Legion T5 26IRB8 i7-14700KF 32GB 1TB SSD RTX 4060 8GB Windows 11 Home OHS 2021 + Monitor 27"" Y27Q-20 90UU00KRID KRID Gaming Desktop",39799900,Onyx Technology,Jakarta Pusat,0.0,0.0
Pc gaming RTX 4060 (vga garansi 5th) i5 12400F Ram 32GB DDR5,13890000,Raki gaming,Denpasar,0.0,0.0
PC Gaming intel DDR5 upgrade path cerah RTX 4060 Feat i5 12400F Ram 16GB DDR5,13250000,Raki gaming,Denpasar,0.0,0.0
JM PC Gaming Knight B760 DDR5 i5 14400F feat RTX 4060 ALL NEW,9963000,G Komputer Semarang,Semarang,0.0,0.0
PC Gaming Core i5 14400F GEN 14 | RTX 4060 8GB | DDR5 32GB |NVMe 1TB Gaming | Editing |Live Stream,14600000,GT Computer,Bandung,5.0,17.0
PC Gaming Ryzen 5 7500F | RAM 32GB | RTX 4060,16259000,IT COMPUTER SURABAYA,Surabaya,5.0,1.0
PC GAMING & EDITING RYZEN 5 7500F | RTX 4060 | RAM 32GB DDR5 |,14150000,Bali Nusa Computer,Denpasar,0.0,0.0
KOMPUTER/PC RAKITAN GAMING/VIDEO i5-12400F ASUS RTX 3050/4060 / GTX 1650,7000000,Gammacomputerpku,Pekanbaru,5.0,17.0
PC RAKITAN NUSANTARA GAMER LOCAL ASrock B550M Phantom Gaming 4 | Ryzen 5600X | RTX 4060 Triple Fan - ULUWATU SET,13577000,Asrock Official Store,Jakarta Pusat,0.0,0.0
PC GAMING CORE I7 13700F GEN 13 VGA RTX 4060 8GB RAM 32GB,8850000,Maheswari9,Bandung,0.0,0.0
PC Gaming Intel 14th Core i7 14700F | RTX 4060 8GB | DDR5 32GB | NVMe - Gaming-Editing-Streaming,17055000,GT Computer,Bandung,5.0,3.0
Gaming PC i5 12400F RTX 4060 8GB DDR6 16GB DDR4 NVMe RGB Render Grafis PES GTA Valorant Wukong Ragnarok,11500000,Djogjaholic,Kab. Sleman,5.0,1.0
2024 USED GeForce RTX 4060 8GB GDDR6 128Bit PCI-E 4.0 Brand New Pink Gaming Video Card Graphics Card HDMI-compatible DP For PC,7500000,AISYAH MULTI SHOP,Jakarta Barat,0.0,0.0
PC GAMING i7-12700F RTX 4060/3050 FULL SET LG 27 / VIDEO/RENDER/EDITING/LIVE,9450000,Gammacomputerpku,Pekanbaru,5.0,3.0
PC Gaming Intel i5 12400f | RTX 4060 8GB | RAM 16GB | NVME 512GB Murah Meriah,10755000,FroPC,Jakarta Pusat,0.0,0.0
PC GAMING RTX 4060 TI | I7 14700F | B760M 4 SLOT RAM | SSD 512GB | RAM 32GB DDR5 | PSU 650W 80+ BRONZE | GARANSI RESMI,20599000,Bali Nusa Computer,Denpasar,0.0,0.0
PC Gaming Core i5 14400F GEN 14 | RTX 4060 8GB | DDR5 32GB |NVMe 512GB Gaming | Editing |Live Stream,14250000,GT Computer,Bandung,5.0,2.0
PC GAMING AMD Ryzen 5 5600X/RTX 4060 8GB/DDR4 32GB/NVME StreamingTOP,7850000,IGame Store,Bandung,5.0,1.0
PC Gaming Intel | i9-12900F | RTX 4060 Ti 8GB | 16GB RAM | 256GB NVMe,20700000,GGcomputers,Kab. Tangerang,5.0,3.0
PC GAMING I5 14400F FEAT RTX 4060 ALL NEW ISA TUKAR TAMBAH,12825000,G Komputer Semarang,Semarang,0.0,0.0
PC Gaming Ryzen 5 5600 & RTX 4060 8gb,10500000,Lauvshop,Bogor,0.0,0.0
PC Gaming RTX 4060 + Intel Core i5 14600KF,16500000,LucidTech,Kab. Tangerang,0.0,0.0
Pc gaming rtx 4060/4060ti ryzen,10500000,Phoenix cm,Batam,0.0,0.0
PC Gaming AMD Ryzen 7 9700X I RTX 5060 TI 16GB I DDR5 64GB I NVME 1TB,13655000,GT Computer,Bandung,5.0,4.0
PC GAMING RTX 5060 TI 8GB | I5 14400F | SSD 512GB NVME | RAM 16GB DDR5 | PSU 650W 80+ BRONZE | GARANSI RESMI,15375000,Bali Nusa Computer,Denpasar,0.0,0.0
PC RAKIT BlackVenom | RTX 5060 TI 5050 | AMD RYZEN 7 5700X RYZEN 5 5600X | 32GB 16GB | 1TB 512GB SSD | WINDOWS | PC RAKITAN COCOK UNTUK GAMING CODING RENDER DESAIGN GRAFIS GRAFIK GAMER PC POWERFULL,10185000,ProStoreComputer,Jakarta Utara,5.0,100.0
PC RAKIT BlackVenom | RTX 5060 TI 5050 | I7 12700F I5 12400F 11400F | 32GB 16GB | 1TB 512GB SSD | WINDOWS | PC RAKITAN COCOK UNTUK GAMING CODING RENDER DESAIGN GRAFIS GRAFIK GAMER PC POWERFULL,9485000,ProStoreComputer,Jakarta Utara,5.0,100.0
IMBA CheapSHOT PC | i5-12400F | RTX 5060 8GB | 16GB 256GB/512GB/1TB WINDOWS 11 PRO Rakitan Gaming PC  - UGE-TR-EK-COC/D4,10800000,IMBA PC,Jakarta Utara,5.0,6.0
IMBA AMD PC | Ryzen 7 5700X RTX 5060 8GB/ 16GB  512GB  Rakitan Gaming PC,14800000,IMBA PC,Jakarta Utara,5.0,7.0
DK PC CARNAGE V12.5 WHITE | H610M | i5 12400F | RTX 5060 WHTIE | RAM 16GB WHITE | SSD 512GB | 650W BRONZE RAKITAN GAMING PC,11299000,distributorkomputer,Jakarta Pusat,5.0,26.0
IMBA AMD PHOENIX  PC RYZEN 7 8700F RTX 5060 8G/ 32GB 256GB/512GB/1TB WINDOWS 11 PRO RAKITAN PC GAMING - UGE-TR-EK-COC/D5,13600000,IMBA PC,Jakarta Utara,5.0,12.0
DK PC CARNAGE V12.5 BLACK | H610M | i5 12400F | RTX 5060 | RAM 16GB | SSD 512GB | 650W RAKITAN GAMING PC,10599000,distributorkomputer,Jakarta Pusat,5.0,27.0
IMBA CHEAPSHOT PRO IX R5 9600X RTX 5060 8GB/ 32GB 500GB RAKITAN GAMING PC - UGE-TR-EK-COC/D5,23500000,IMBA PC,Jakarta Utara,5.0,1.0
PC RAKIT Dewa FPS | RTX 5060 TI 5050 | I7 12700F I5 12400F 11400F | 32GB 16GB | 1TB 512GB SSD | WINDOWS | PC RAKITAN COCOK UNTUK GAMING CODING RENDER DESAIGN GRAFIS GRAFIK GAMER PC POWERFULL,9890000,royalltech,Jakarta Utara,5.0,100.0
PC RAKIT LightSpeedX | RTX 5060 TI 5050 | RYZEN 7 5700X RYZEN 5 5600X | 32GB 16GB | 1TB 512GB SSD | WINDOWS | PC RAKITAN COCOK UNTUK GAMING CODING RENDER DESAIGN GRAFIS GRAFIK GAMER PC POWERFULL,10190000,royalltech,Jakarta Utara,5.0,100.0
PC Rakitan Gaming Myth Alder GeForce RTX 5060 Intel Core 14th FS,17127500,NVIDIA GEFORCE,Jakarta Utara,5.0,2.0
PC Gaming Myth Hunter 5 GeForce RTX 5060,17968900,NVIDIA GEFORCE,Jakarta Utara,5.0,8.0
PC Gaming Myth Alder 5 LE GeForce RTX 5060 - Ryzen 5,19035900,NVIDIA GEFORCE,Jakarta Utara,5.0,1.0
PC Gaming Myth Hunter 5 SE GeForce RTX 5060,14447900,NVIDIA GEFORCE,Jakarta Utara,5.0,6.0
PC RAKIT IonStrike | RTX 5060 TI 5050 | RYZEN 7 5700X RYZEN 5 5600X | 32GB 16GB | 1TB 512GB SSD | WINDOWS | PC RAKITAN COCOK UNTUK GAMING CODING RENDER DESAIGN GRAFIS GRAFIK GAMER PC POWERFULL,10185000,AI Official Store,Jakarta Utara,5.0,90.0
PC RAKIT AI PILOT | RTX 5060 TI 5050 | I7 12700F I5 12400F 11400F | 32GB 16GB | 1TB 512GB SSD | WINDOWS | PC RAKITAN COCOK UNTUK GAMING CODING RENDER DESAIGN GRAFIS GRAFIK GAMER PC POWERFULL,9485000,AI Official Store,Jakarta Utara,5.0,90.0
Ready PC Gaming i5 / i7 | RTX 4060/5060/5070 | 32GB DDR5 NVME | Rakitan High End Design Editing Rendering,15903000,syawalil,Jakarta Barat,0.0,0.0
PC RAKITAN GAMING AMD RYZEN 7 8700F VGA RTX 5060 Ti 16GB,19250000,dhivakurniawan,Jakarta Selatan,0.0,1.0
PC GAMING RTX 5060 TI 8GB | I5 14400F | SSD 512GB | RAM 16GB DDR5 | PSU 650W | PC RAKITAN | GARANSI RESMI,14150000,Bali Nusa Computer,Denpasar,0.0,0.0
PC Gaming Intel Core i9 14900k | RTX 5060 Ti 16GB | 32GB | NVMe | CPU Gaming,28371000,NENET COMPUTER,Bandung,0.0,3.0
PC Rakitan Intel Core i5 14400F RTX 5060 TI RAM 32GB SSD 1TB Komputer Gaming Editing,15950000,Starcomp Purwokerto,Kab. Banyumas,0.0,0.0
ZOTAC GAMING GeForce RTX 5060 Ti 8GB Twin Edge OC Pc,7725000,Starcomp Purwokerto,Kab. Banyumas,0.0,0.0
PC Rakitan Gaming Myth Pro GeForce RTX 5060 NCORE 100 MAX FS,25067000,Tech In Store,Jakarta Utara,0.0,0.0
PC Gaming Myth AORUS Elite GeForce RTX 5060,17411000,Tech In Store,Jakarta Utara,0.0,0.0
PC Gaming Myth AORUS Elite GeForce RTX 5060 Ti,19064000,Tech In Store,Jakarta Utara,0.0,0.0
PC Gaming Myth Alder 5 LE GeForce RTX 5060,19174900,Tech In Store,Jakarta Utara,0.0,0.0
PC Gaming Myth Hunter 5 GeForce RTX 5060,17968900,Tech In Store,Jakarta Utara,0.0,0.0
PC Gaming Myth Alder 5 LE GeForce RTX 5060 - Ryzen 5,19035900,Tech In Store,Jakarta Utara,0.0,0.0
PC Rakitan Gaming Myth Pro GeForce RTX 5060 NR200P MAX FS,24061500,Tech In Store,Jakarta Utara,0.0,0.0
PC Gaming Rakitan AMD Ryzen 7 7800X3D + B650M WIFI | VGA RTX 5060 | Ram DDR5 32GB | SSD NVME 1TB Garansi Resmi,20229000,GX COMP,Bandung,0.0,0.0
PC Rakitan Gaming Myth Alder GeForce RTX 5060 MasterBox TD500 Mesh V2 - Ryu FS,18000000,Tech In Store,Jakarta Utara,0.0,0.0
PC Gaming Rakitan Intel i5 14400f with RTX 5060 8GB | Ram 32GB DDR5 + HDD 2TB Garansi Resmi,15450000,GX COMP,Bandung,0.0,0.0
PC Gaming Myth Alder 7 LE GeForce RTX 5060 - Ryzen 7,20858900,Tech In Store,Jakarta Utara,0.0,0.0
PC Rakitan Intel Core i3 10105F Gen 10 ( RTX 3050 6GB ) Siap Gaming editing & Rendering,3435000,GT Computer,Bandung,4.8,40.0
PC Rakitan Gaming Ryzen 5 8500G ( RTX 3050 8GB ) Cocok editing render cepat,6635000,GT Computer,Bandung,5.0,1.0
PC Gaming & Design Ryzen 5 2400G + RTX 3050 Ultra 16GB Ram SSD NVME 512GB,6250000,Arif Jaya Gadget,Jakarta Barat,0.0,0.0
PC GAMING PESENAN i5 rtx 3050,7850000,SkidRow,Jakarta Selatan,5.0,1.0
PC GAMING I3 14100F FEAT RTX 3050 DDR6 ALL NEW ISA TUKAR TAMBAH,7815000,G Komputer Semarang,Semarang,0.0,0.0
PC Rakitan Intel Core i3 12100f | RTX 3050 6GB | RAM 16GB | PSU 550W 80+ Bronze PC Gaming Murah,7099000,FroPC,Jakarta Pusat,0.0,0.0
PC Gaming Rakitan Fullset Ryzen 5 5600 Vga RTX 3050 8gb Ram 16GB ssd 1TB + monitor viewsonic Omni,9000000,memstore,Bandung,0.0,0.0
PC Gaming Intel Core i3 12100F ( RTX 3050 8GB DDR6 ) Editing Video & Games,3900000,Faeyza Computer,Bandung,0.0,0.0
PC GAMING & EDITING RTX 3050 | I5 12400F | RAM 16GB DDR4 3200MHZ | SSD 512GB NVME | GARANSI RESMI,8300000,Bali Nusa Computer,Denpasar,0.0,0.0
PC GAMING AMD Ryzen 5 8400F + GeForce RTX 3050 6GB + 16GB DDR5,9989000,FroPC,Jakarta Pusat,0.0,0.0
PC RAKITAN GAMING I5 12400F I 16GB I 256GB I RTX 3050,9280000,dhivakurniawan,Jakarta Selatan,5.0,5.0
Gaming PC Minimalis Intel I3 12100F 8GB RAM DDR5 RTX 3050 6GB Hemat Daya.,7200000,D1V1 Store,Semarang,0.0,0.0
PC Rakitan Gaming Murah Core i5 10400F/RTX 3050/16Gb D4/512Gb NVMe,7928200,mahardika computer,Bekasi,5.0,2.0
PC Rakitan Gaming Ryzen 5 5500 ( RTX 3050 8GB ) Siap Gaming editing & Rendering,3990000,GT Computer,Bandung,0.0,1.0
Gaming PC Ryzen 5 4500 RTX 3050 8GB DDR6 16GB DDR4 NVMe RGB Render Grafis PES GTA Valorant Wukong White,8750000,Djogjaholic,Kab. Sleman,0.0,0.0
PC Gaming Rakitan AMD Ryzen 5 5600 VGA RTX 3050 6GB RAM RGB 16GB NVME 512GB GTA V,8878000,FroPC,Jakarta Pusat,0.0,0.0
PC GAMING & EDITING RYZEN 5 5600 | RTX 3050 | A520M | RAM 16GB | SSD 512GB NVME | GARANSI RESMI,7815000,Bali Nusa Computer,Denpasar,0.0,0.0
PC GAMING DESIGN Minimalis Intel Core I3 13100F with RTX 3050 6GB,8325000,D1V1 Store,Semarang,0.0,0.0
Gaming Small PC Mini ITX i5 11400 16GB Ram RTX 3050 8GB DDR6 NVMe Wifi,9000000,Djogjaholic,Kab. Sleman,0.0,0.0
PC RAKITAN GAMING AMD RYZEN 5 5500 | RAM 16 GB | VGA RTX 3050 8 GB,6025000,Aerotech Com,Bandung,5.0,2.0
PC GAMING EDITING LIVESTREAMING MURAH AMD RYZEN 5 5600 + RTX 3050 + RAM 16GB + SSD NVME 512GB,7460000,Algatech Komputer,Kab. Kediri,5.0,5.0
"RAKITAN PC GAMING LENGKAP| i5-13400F | RTX 3050 6GB | 16GB| B760M | 1TB | 24""",13200000,Makassar xtream computer,Makassar,0.0,0.0
PC Gaming AMD Ryzen 5 4500 | RTX 3050 8GB | DDR4 16GB | 256GB |Cocok Gaming|Editing|Streaming,4055000,GT Computer,Bandung,5.0,1.0
pc gaming i5 gen 10 vga rtx 3050 normal spek di deskripsi,6000000,Aidil & Detia ComputeR,Palembang,0.0,0.0
PC RAKITAN i7 10700F|RTX 3050|RAM 16 GB| COCOK UNTUK GAMING DAN DESIGN,11125000,Adhiya Komputer Bandung,Bandung,0.0,0.0
PC GAMING DESAIN GRAFIS CORE I7 10700F RAM 32GB SSD 1 TB RTX 3050 8GB,14250000,Takasima komputer,Bandung,0.0,0.0
PC GAMING I3 12100F RAM 16 GB SSD 512 GB RTX 3050 8GB,7000000,HYS STORRE,Kab. Banyumas,0.0,0.0
PC RAKITAN GAMING I7 12700F I 16GB I 256GB I RTX 3050,16400000,dhivakurniawan,Jakarta Selatan,5.0,1.0
[Gaming PC] Mini PC Intel i9-13900H i7 Nvidia RTX 4060 3050 8G GDDR6 14C/20T RGB Lights Mini Desktop Computer 2X HDMI Type-C,36856600,ANSHIERU STORE,Jakarta Pusat,0.0,0.0
JM PC GAMING Black Myth Wukong PC GAMING AMD RYZEN 5 5600 NVIDIA RTX 3050 WITH AIR COOLER,8675000,G Komputer Semarang,Semarang,0.0,0.0
Gaming Design PC Intel i7 7700 Gen 7th RX 550 4GB RAM 16GB SSD 120GB,10900000,allmueza,Tangerang,5.0,1.0
PC GAMING DESIGN INTEL i7 7700 | RAM 8GB | VGA RX 560 4GB,8700000,allmueza,Tangerang,0.0,3.0
"CPU Rakitan Intel Core i7 7700 Up 4.2Ghz PC Komputer Gaming Desain - GTX 750TI, GTX 1050, RX 580, ARC A380",4276800,JNC KOMPUTER,Jakarta Pusat,5.0,6.0
PC Gaming Komputer Rakitan PRO Ryzen 5 7600X RX 7700 XT SSD 1TB,22270000,x-kom,Jakarta Barat,0.0,0.0
PC RAKITAN - GAMING - RENDER | CORE I9 14900KF - 96GB RAM - 1TB NVME - RX 7700 XT,35000000,Liemz Store,Semarang,0.0,0.0
PC Gaming Ryzen 9 7950x with Powercolor Red Devil Radeon RX 7700 XT 12GB GDDR6 192 Bit / PC Gaming High end Ryzen 9 7950x,35779000,Xavier Technology,Bandung,0.0,0.0
PC Rakitan AMD Gaming Ryzen 7 7700|32GB DDR5|1TB NVME| RX 6900 XT 16GB,29324000,VandeskyPC,Jakarta Timur,0.0,0.0
PC Rakitan EK Gaming BattleXtream 770XT - Core i7 RX 7700 XT - Enter Komputer,20761000,Enter Komputer Official,Jakarta Pusat,0.0,0.0
PC Rakitan EK Gaming Battle X Be Quiet - Ryzen 5 RX 7700 XT - Enter Komputer,25866000,Enter Komputer Official,Jakarta Pusat,0.0,0.0
PC Build WHITE AMD RYZEN 5 7500F - 32GB DDR5 - VGA RX 7700 XT 12GB - SSD 1TB GEN4 - GAMING RENDER EDITING,19919000,STAR17 COM,Jakarta Selatan,0.0,1.0
PC Build Gaming Editing Render AMD Ryzen 5 7600X - 16GB DDR5 - NVME 1TB - VGA RX 7700 XT 12GB,19490000,STAR17 COM,Jakarta Selatan,0.0,0.0
PC RAKITAN GAMING INTEL I5 12400F VGA RX 7700 XT,17000000,dhivakurniawan,Jakarta Selatan,0.0,0.0
Pc Gaming i3 12100F I 16Gb RGb I Nvme 500Gb I 1tb I Rx 7700 Xt 12Gb,8900000,Birrul Gaming Pc 08,Kab. Bandung,0.0,0.0
[DISC] PC INTEL CORE I7 7700 VGA RADEON RX 580 16GB RAM FULLSET GAMING EDITING LIVESTREAMING,11840000,Puspa Indonesia id,Jakarta Barat,0.0,0.0
PC Gaming Ryzen 7 7700 | RX 7700 XT 12GB | SSD NVME 2TB | RAM 32GB DDR5,22799000,MDJ Techno_NEW,Surabaya,5.0,1.0
PC Gaming Ryzen 5 7600X | RX 7700 XT 12GB | SSD NVME 2TB | RAM 32GB DDR5,20999900,MDJ Techno_NEW,Surabaya,5.0,1.0
PC Gaming Intel Core i7 7700 | RX 580 8GB | 16GB | SSD - Rakitan Gaming PC,5712000,NENET COMPUTER,Bandung,5.0,6.0
"PC Gaming Lengkap Intel Core i7 7700 | RX 580 8GB | 16GB | SSD | LED 24"" - Rakitan Gaming PC",7308000,NENET COMPUTER,Bandung,5.0,3.0
Komputer/Pc/Gaming/Editing Amd Ryzen 7 7700|RX 550 4GB|16GB|1TB,12200000,Zanay Computer,Depok,0.0,0.0
PC Set AMD Ryzen 5 5600X 32GB RAM RX 7700 XT 12GB Smooth 2K Gaming Exp,16990000,MJ Teknologi Semarang,Semarang,0.0,0.0
PC GAMING DDR5 Ryzen 7 7700X I 16GB I 256GB I 1TB I RX 7700 XT 12GB,21200000,Birrul Gaming Pc 08,Kab. Bandung,0.0,0.0
RAKITAN GAMING PC AMD RYZEN 7 7700 JOS MURAHH RX 6750 XT  12GB,21300000,Raja Rezeki Gaming Pc,Bandung,0.0,0.0
PC Gaming Intel Core i7 7700 | RX 580 8GB | 16GB | NVMe - New Rakitan PC,5630000,NENET COMPUTER,Bandung,5.0,1.0
PC GAMING RYZEN 5 7500 F + RX 7700 XT,17500000,TIGA SERIGALA TEKNOLOGI,Jakarta Utara,0.0,0.0
Pc Gaming Am5 Ryzen 7 7700 I 32Gb I 256Gb I 1tb I Rx 6750 xt 12Gb,19400000,Birrul Gaming Pc 08,Kab. Bandung,0.0,0.0
PC BUILD Processor AMD Ryzen 5 7500F - RAM 32GB - SSD 1TB - RX 7700 XT 12GB DDR6 - GAMING DESIGN EDITING RENDER,16275000,DOUBLEYOU SEVEN,Jakarta Selatan,0.0,0.0
PC RAKITAN GAMING INTEL I5 13400F VGA RX 7700 XT,19000000,dhivakurniawan,Jakarta Selatan,0.0,0.0
PC INTEL I7 7700 VGA RADEON RX 570 16GB RAM FULLSET GAMING EDITING,6580000,Kadal Gaming Surabaya,Surabaya,0.0,1.0
PC Gaming Ryzen 7 7700 | Radeon RX 9070 XT 16GB | SSD 1TB NVMe | RAM 32GB DDR5,26655000,MDJ Techno_NEW,Surabaya,0.0,0.0
PC Rakitan Gaming i7 7700 | RX 580 8GB DDR5 | DDR4 16GB | SSD NVME,5199000,GT Computer,Bandung,0.0,1.0
MIJ CORE / AMD RYZEN 5 5600 / RX 7700 XT / PC GAMING DESAIN,14710000,MIJ KOMPUTER,Medan,0.0,0.0
MIJ PRIME / AMD RYZEN 7 7700 / RX 7600 / PC GAMING DESAIN,13970000,MIJ KOMPUTER,Medan,0.0,0.0
MIJ SLEEK / RYZEN 7 7700 / RX 7900 GRE / PC GAMING DESAIN,28535000,MIJ KOMPUTER,Medan,0.0,0.0
MIJ MIST / AMD RYZEN 7 7700 / RX 9070 XT / PC GAMING DESAIN,30480000,MIJ KOMPUTER,Medan,0.0,0.0
MIJ PRIME / AMD RYZEN 7 7700 / RX 9060 XT / PC GAMING DESAIN,15220000,MIJ KOMPUTER,Medan,0.0,0.0
PC Gaming AMD Ryzen 7 8700F I Radeon RX 9060 XT 16GB I DDR5 32GB I NVME 1TB - Editing - Streaming,11000000,BCM Computer_NEW,Bandung,5.0,9.0
PC GAMING MINI ITX AMD RYZEN 5 7600X | 32GB DDR5 | SSD 1TB GEN4 | VGA AMD RADEON RX 9060 XT 16GB | SIAP PAKAI !!!,19690000,STAR17 COM,Jakarta Selatan,5.0,1.0
PC Rakitan EK Gaming BattleForteer 906XT - Ryzen 5 RX 9060 XT - Enter Komputer,16070000,Enter Komputer Official,Jakarta Pusat,0.0,0.0
PC Rakitan EK Gaming X Adata - BattleForteer Pro 906 XT - Ryzen 7 RX 9060 XT - Enter Komputer,24131000,Enter Komputer Official,Jakarta Pusat,0.0,0.0
BYPD ZEUS ZA7R906X AMD Ryzen 7 9700X 5.Ghz | RX 9060 XT 16GB | DDR5 | NVME | EINAREX - GAMING PC,18489000,YOUNGS COMPUTER,Kab. Sleman,0.0,0.0
IMBA CheapSHOT PC | i5-12400F | RX 9060 XT 16GB | 16GB 256GB Rakitan Gaming PC  - UGE-TR-EK-COC/D4,12200000,IMBA PC,Jakarta Utara,0.0,0.0
IMBA CheapSHOT PC | i5-12400F | RX 9060 16GB | 16GB 256GB Rakitan Gaming PC  - UGE-TR-EK-COC/D4,11900000,IMBA PC,Jakarta Utara,0.0,0.0
EXP PC Gaming | Ryzen 7 8700F | RX 9060 XT 16GB | 16GB | Wi-Fi | PC Rakitan,15539000,Toko Expert Komputer,Jakarta Pusat,0.0,0.0
EXP PC Gaming | i5 14400F | RX 9060 XT 16GB | 16GB | Wi-Fi | PC Rakitan,14649000,Toko Expert Komputer,Jakarta Pusat,0.0,0.0
EXP PC Gaming | i7 14700F | RX 9060 XT 16GB | 16GB | Wi-Fi | PC Rakitan,19089000,Toko Expert Komputer,Jakarta Pusat,0.0,0.0
EXP PC Gaming | Ryzen 7500F | RX 9060 XT 16GB | 16GB | Wi-Fi | PC Rakitan,15599000,Toko Expert Komputer,Jakarta Pusat,0.0,0.0
PC GAMING AMD RYZEN 7 8700F | 32GB DDR5 | SSD 1TB GEN4 | VGA AMD RADEON RX 9060 XT 16GB | SIAP PAKAI,16589000,STAR17 COM,Jakarta Selatan,0.0,0.0
pc gaming MINI ITX AMD RYZEN 7 9700X | 32GB DDR5 RAM | SSD 2TB GEN4 | VGA AMD RADEON RX 9060 XT 16GB | WINDOWS 11,26250000,STAR17 COM,Jakarta Selatan,0.0,0.0
PC BUILD MINI ITX AMD RYZEN 7 9700X + AMD RADEON RX 9060 XT 16GB | GAMING PC,27040000,STAR17 COM,Jakarta Selatan,0.0,1.0
MIJ PRIME / INTEL CORE i5-12400F / RX 9060 XT / PC GAMING DESAIN,11190000,MIJ KOMPUTER,Medan,5.0,1.0
MIJ CORE / INTEL CORE i5-12400F / RX 9060 XT / PC GAMING DESAIN,13935000,MIJ KOMPUTER,Medan,5.0,1.0
MIJ BASIC / AMD RYZEN 5 5600 / RX 9060 XT / PC GAMING DESAIN,11115000,MIJ KOMPUTER,Medan,5.0,1.0
PC Gaming AMD Ryzen 5 7500f | RX 9060 XT 8GB | 16GB | NVMe,10280000,NENET COMPUTER,Bandung,5.0,26.0
PC Gaming | Ryzen 7 8700F | RX 9060 XT 16GB | 32GB RAM DDR5 | 1TB NVME,20215000,Venom Gaming Store Official,Kab. Tangerang,5.0,1.0
[NEW] PC GAMING Ryzen 5 9600X + RX 9060 XT 16GB + SSD NVME 1TB BERGARANSI RESMI,19450000,KSS Komputer,Jakarta Pusat,5.0,5.0
PC GAMING RX 9060 XT | I3 12100F | RAM 16GB DDR4 | SSD 512GB | PSU 550W 80+ BRONZE,10749000,Bali Nusa Computer,Denpasar,0.0,0.0
[Baru] CPU Komputer/PC Ryzen 7 9700 X RAM 64GB RX 9060 XT 16GB Gaming,20500000,KSS Komputer,Jakarta Pusat,4.0,2.0
PC GAMING DDR5 | AMD RYZEN 7 8700F | D5 16GB | RX 9060 XT 8GB,12900000,Berkah Utama Komputer,Medan,0.0,0.0
PC GAMING DDR5 | INTEL CORE I7 14700F GEN 14 | D5 32GB | RX 9060 XT,18000000,Berkah Utama Komputer,Medan,0.0,0.0
PC GAMING DDR5 | INTEL CORE I7 12700F GEN 12 | D5 32GB | RX 9060 XT 8GB,16900000,Berkah Utama Komputer,Medan,0.0,0.0
PC GAMING DDR4 | AMD RYZEN 5 5600X | D4 16GB | RX 9060 XT 8GB,12100000,Berkah Utama Komputer,Medan,0.0,0.0
PC GAMING DDR4 | INTEL CORE I5 12400F GEN12 | D4 16GB | RX 9060 XT 8GB,11100000,Berkah Utama Komputer,Medan,0.0,0.0
PC GAMING DDR5 | INTEL CORE I5 14400F GEN 14 | D5 32GB | RX 9060 XT 8GB,15100000,Berkah Utama Komputer,Medan,0.0,0.0
PC GAMING DDR4 | INTEL CORE I5 14400F GEN14 | D4 16GB | RX 9060 XT 8GB,11600000,Berkah Utama Komputer,Medan,0.0,0.0
PC GAMING DDR5 | INTEL CORE I5 14400F | D5 16GB | RX 9060 XT 8GB,12100000,Berkah Utama Komputer,Medan,0.0,0.0
PC GAMING DDR4 | AMD RYZEN 5 5500 | D4 16GB | RX 9060 XT 8GB,10300000,Berkah Utama Komputer,Medan,0.0,0.0
PC GAMING DDR5 | AMD RYZEN 5 9600X | D5 32GB | RX 9060 XT 8GB,16200000,Berkah Utama Komputer,Medan,0.0,0.0
PC GAMING DDR4 | AMD RYZEN 5 5600 | D4 16GB | RX 9060 XT 8GB,10900000,Berkah Utama Komputer,Medan,0.0,0.0
PC GAMING DDR5 | INTEL CORE I5 12400F GEN 12 | D5 32GB | RX 9060 XT 8GB,14500000,Berkah Utama Komputer,Medan,0.0,0.0
PC GAMING DDR4 | INTEL CORE I7 14700F GEN14 | D4 16GB | RX 9060 XT 8GB,14500000,Berkah Utama Komputer,Medan,0.0,0.0
PC GAMING DDR5 Ryzen 7 7700X I 16GB I 256GB I 1TB I RX 6500 XT 4GB,13800000,Birrul Gaming Pc 08,Kab. Bandung,0.0,0.0
Pc Gaming ddr5 Ryzen 7 7700X I 32Gb I 256Gb I 1tb I Rx 6500 Xt 4Gb,15200000,Birrul Gaming Pc 08,Kab. Bandung,0.0,0.0
PC Rakitan EK Gaming BattleLionz 650 XT - Core i3 RX 6500 XT - Enter Komputer,7020000,Enter Komputer Official,Jakarta Pusat,5.0,10.0
Pc Gaming Ryzen 7 7800X3D I 16Gb I 256Gb I 1tb I Rx 6500 Xt 4Gb,15000000,Birrul Gaming Pc 08,Kab. Bandung,5.0,1.0
FourPCGaming PC Komputer Gaming | Ryzen 5 8400F DDR5 16GB Radeon RX 6500 XT 4GB NVMe 512GB,8464100,Foursquare Computer Bandung,Bandung,0.0,0.0
Gaming PC Ryzen 5 4500 RX 6500 XT 4GB DDR6 NVMe 16GB DDR4 RGB Grafis PES GTA Wukong,6000000,Djogjaholic,Kab. Sleman,0.0,0.0
Promo Special Kemerdekaan PC Gaming Intel Core I5 6500 Ft. RX 580 8GB.,5475000,D1V1 Store,Semarang,0.0,0.0
PC GAMING INTEL CORE I5 6500 RADEON RX 570 4GB SSD HDD,3780000,Kadal Gaming Surabaya,Surabaya,5.0,3.0
[GARANSI] PC KOMPUTER GAMING EDITING INTEL I3 12100F FT GTX 750 TI / RX 550 / RX 560 / GTX 1050 TI / GTX 1650 / RX 6400 / RX 6500 XT / GTX 1650 SUPER 4GB DDR 6,10240000,Puspa Indonesia id,Jakarta Barat,0.0,0.0
KOMED PC - SKYSHIP 2 Ryzen  5 5600 RAM 2x8GB DDR4 VGA RX 6500 XT 4GB SSD NVME 500GB CPU Gaming,12999000,KomputerMedan OS,Medan,0.0,0.0
Cooler Master AMD Radeon RX 6500 XT PC Gaming Set - Ryzen 5 5600 16GB DDR4,7990000,Tech In Store,Jakarta Utara,0.0,0.0
ASUS PBA PC GAMING | DUAL RX 6500 XT | TUF B550 | AMD RYZEN 5 5500,13459000,Dunia Storage Komputer,Jakarta Pusat,0.0,0.0
Cooler Master AMD Radeon RX 6500 XT PC Gaming Set - Ryzen 5 5600 16GB DDR4,7990000,Cooler Master Official,Jakarta Utara,0.0,0.0
BYPD Xander Xi3R65 Intel Core i3 12100F 4.3Ghz | RX 6500 XT 4GB | DDR4 | NVME - GAMING PC,5790000,YOUNGS COMPUTER,Kab. Sleman,0.0,0.0
PC RAKITAN GAMING INTEL 12100F I 16GB I NVME 500GB I RX 6500 XT,8200000,dhivakurniawan,Jakarta Selatan,5.0,1.0
EXP PC Gaming | i3 12100F | RX 6500 XT | 16GB | Wi-Fi | PC Rakitan,6489000,Toko Expert Komputer,Jakarta Pusat,0.0,0.0
PC RAKITAN GAMING AMD RYZEN 5 5500 | 16GB DDR4 | SSD 512GB | VGA AMD RADEON RX 6500 XT 4GB | SIAP PAKAI,9506500,STAR17 COM,Jakarta Selatan,0.0,0.0
PC Gaming Intel i5 6500 Ram 32GB SSD 240GB VGA RX 550 4GB,9000000,allmueza,Tangerang,5.0,1.0
"Paket i3 Gen 12, Rakitan PC Alumunium Blue (i3-12100F + RX580/Arc A380/GTX 1650/RX 6500 XT), NVME 512GB Gen 3, 3200MHz 16GB DDR4, 550W 80+ Bronze. Gaming & Editing Ringan.",6200000,Oyuma Store,Jakarta Pusat,0.0,0.0
"Paket Ryzen 5500, Rakitan PC Alumunium Red (Ryzen 5 5500 + RX580/GTX 1650/RX 6500 XT), NVME 512GB Gen 3, 3200MHz 16GB DDR4, 500W 80+ Bronze. Gaming & Editing Ringan.",6300000,Oyuma Store,Jakarta Pusat,0.0,0.0
PC Gaming i5 12400F I RX 6500 XT - RX 6600 I 16GB I Editing-Rendering,8925000,BCM Computer_NEW,Bandung,5.0,13.0
PC Gaming Ryzen 5 5500 II RX 6500 XT II 16GB DDR4 II Editing Mantap,8625000,BCM Computer_NEW,Bandung,5.0,8.0
PC GAMING EDITING INTEL CORE I5 6500 VGA RADEON RX 580 8GB RAM 16GB DDR4 SSD 240GB SUPPORT LIVESTREAMING,5980000,Kadal Gaming Surabaya,Surabaya,5.0,1.0
MIJ PRIME / INTEL CORE i5-13400F / RX 6500 XT / PC GAMING DESAIN,8155000,MIJ KOMPUTER,Medan,5.0,1.0
PC Gaming i5 12400F I RX 6500 XT 4GB I 16GB I Editing - Rendering Good,7475000,IGame Store,Bandung,5.0,1.0
PC Gaming + Editing | Ryzen 5 3600 | RX 6500 XT | 1TB NVME | DDR4 16GB,12045000,Venom Gaming Store Official,Kab. Tangerang,5.0,2.0
PC Gaming | i3 12100F | RX 6500 XT | 16 GB RAM | SSD | Alder Lake,7050000,Venom Gaming Store Official,Kab. Tangerang,5.0,12.0
Pc Gaming Venom | i5 12400F | RX 6500 XT | NVME | 16 GB RAM | Render+,11050000,Venom Gaming Store Official,Kab. Tangerang,5.0,2.0
PC Gaming Venom | i5 11400F | RX 6500 XT | 16 GB RAM | SSD | Render,10169000,Venom Gaming Store Official,Kab. Tangerang,5.0,1.0
PC Gaming i5 Core i6 6500 I 16GB I RX 550 4GB I SSD,3550000,Persada Computer,Bandung,5.0,3.0
PC Rakitan EK Gaming BattleMoonz 650 XT - Ryzen 5 RX 6500 XT - Enter Komputer,12909000,Prime Berkah,Jakarta Barat,0.0,0.0
Gaming PC i3 10105F RX 6500 XT 4GB DDR6 NVMe 16GB DDR4 GTA Valorant,5000000,Djogjaholic,Kab. Sleman,5.0,1.0
PC GAMING IDAMAN Core i5 6500 With RX 470 4GB 256BIT GDDR5 LIBAS GAME,7000000,ALS COMPUTER SHOP,Bekasi,0.0,0.0
PC Gaming HP Pro A G2 Minitower AMD Ryzen 5 8GB SSD 256GB Amd R7 2GB,3500000,LESTARI KOMPUTER,Jakarta Pusat,0.0,0.0
PC Komputer Rakitan AMD Ryzen 5 5600G 3.9Ghz For Gaming|Desain|Office,6060000,JNC KOMPUTER,Jakarta Pusat,4.9,100.0
PC Rakitan Fullset Ryzen 5 8600G RAM 32GB SSD 512GB For Gaming|Office,7924900,JNC KOMPUTER,Jakarta Pusat,5.0,6.0
NEW PC GAMING AMD RYZEN 5 3400G FULL GAMES,4250000,PROTOZZ,Jakarta Utara,4.9,250.0
PC Gaming RTX 3070 | Ryzen 5 3600 | 16 GB | SSD NVME 512gb,9000000,Toko Snoopy,Tangerang,0.0,0.0
Mini Gaming PC Ryzen 5 5600G 16GB DDR4 SSD NVMe 256GB Grafis PUBG Valorant GTA,5000000,Djogjaholic,Kab. Sleman,5.0,2.0
PC GAMING RYZEN 5 5600G RAM 16GB DDR4 ALL NEW,3995000,G Komputer Semarang,Semarang,0.0,0.0
PC Rakitan Gaming AMD Ryzen 5 5600G,5970000,Victory Komputer_NEW,Semarang,5.0,4.0
DUSTOR PC Rakitan Gaming PC eSports PC / Basic Design PC | AMD Ryzen 5 4600G | B450 by Dunia Storage,4349000,Dunia Storage Komputer,Jakarta Pusat,5.0,1.0
PC Gaming Ryzen 5 Murah 16GB,3700000,Gianpramana,Tangerang,0.0,0.0
PC CPU GAMING AMD RYZEN 5 5600G RAM 8GB SSD 128GB VGA 2GB DDR4 Baru,4205000,R21CompSemarang,Semarang,5.0,1.0
PC Gaming Design AMD Ryzen 5 4600G VGA Radeon Graphics RAM 32gb SSD 256gb Wi Fi,3290000,AL AZIZ Computer,Bandung,5.0,1.0
PC GAMING AMD RYZEN 5 2400G RAM 16GB SSD 128GB HDD 500GB,3200000,allmueza,Tangerang,0.0,0.0
pc GAMING AMD RYZEN 5 PRO 2400G RAM 16 GB SSD NVME 256 GB MANTAP,1700000,BERSAMA JAYA COMP GRUP,Bekasi,0.0,1.0
PC Gaming Rakitan AMD Ryzen 5 5500 | 16GB | SSD 128 | SIAP GAME BERAT,5499000,POINT99 COMPUTER,Bandung,5.0,4.0
pc gaming amd ryzen 5,7500000,Solusi Retail Store,Tangerang Selatan,0.0,0.0
Rakitan PC Gaming Ryzen 5 / Ram 16GB RGB / SSD NVME 256GB 512GB,5300000,WellComp_NEW,Palembang,0.0,0.0
PC Gaming AMD Ryzen 5 9600X/RTX 5070 12GB/NVME 1TB/DDR5 32GB - Gaming-Editing-Streaming,15900000,GT Computer,Bandung,5.0,2.0
PC GAMING RYZEN 5 5600G 16GB CUSTOM PINK,4895000,Frontcomp,Bandung,5.0,3.0
CPU | PC Gaming Budget RYZEN 5 - Esport Gaming High FPS - ALL NEW,5500000,Liemz Store,Semarang,5.0,2.0
PC GAMING RYZEN 5 4650G / RTX 2070 / RAM 16GB / DLL,7500000,SkidRow,Jakarta Selatan,0.0,0.0
PC GAMING AMD RYZEN 5 3400G RAM 16GB SSD 240GB LED LG 20 inch,7600000,allmueza,Tangerang,5.0,3.0
PC GAMING AMD RYZEN 5 3400G RAM 16GB SSD 240GB VGA 2GB HDD 1TB,5700000,allmueza,Tangerang,5.0,1.0
PC gaming Ryzen 5 5600 RYX 4060 dual edge white,18000000,AlexeiPC,Bekasi,0.0,0.0
PC Gaming AMD 5th Ryzen 5 5600GT | RX 6600 8GB DDR6 | 16GB | NVMe,5175000,GT Computer,Bandung,5.0,3.0
Gaming PC Editing AMD Ryzen 5 5600G B450M 16GB RAM 128GB SSD SATA.,4850000,MJ Teknologi Semarang,Semarang,0.0,0.0
PC GAMING RYZEN 5 3400G RAM 8GB HDD VEGA 11 SERIES 2GB M2 256G SSD,6150000,allmueza,Tangerang,5.0,1.0
MSI PC Gaming META S-017 RYZEN 5-3600 8GB 1TB+256GB NVIDIA GTX1650,13999000,MSI Official Store Balikpapan,Balikpapan,5.0,1.0
"PC Gaming Rakitan Ryzen 7, Siap Gaming Wukong, Elden ring DKK",4800000,everban,Cimahi,0.0,0.0
Mini PC Gaming Asrock Desk Mini X300 Ryzen 7,5500000,kantronik,Jakarta Utara,0.0,0.0
PC Gaming Design Office AMD RYZEN 7 5700G RAM 16GB Fullset READY,7800000,Evcys Computer id,Jakarta Selatan,5.0,4.0
ASUS TUF ZAKU GAMING PC - AMD RYZEN 7 5700G RAM 16GB SSD 128GB,11500000,Frontcomp,Bandung,0.0,0.0
PC ASUS TUF GAMING AMD RYZEN 7 5600G PC GAMING ASUS TUF RAKITAN,5854800,kk store Bandung,Bandung,0.0,0.0
PC Gaming Fullset AMD Ryzen 7 5700G VGA Radeon Series RAM 32gb SSD 256gb Monitor 19 Inci WiFi Murah Bergaransi,5652000,AL AZIZ Computer,Bandung,5.0,3.0
"FULLSET PC GAMING RYZEN 7 5700G I 16GB I NVME I Monitor LED 24""",6100000,Persada Computer,Bandung,4.7,13.0
Pc gaming mini itx ryzen 7 5700g bekas,4911000,Aurarizkiazah,Kab. Jepara,0.0,0.0
AYANEO RETRO MINI PC AM02 GAMING AMD RYZEN 7 8840HS 16GB RAM 512GB SSD AMD RADEON,15300000,MYCOMSHOP,Jakarta Utara,0.0,1.0
PC GAMING AMD RYZEN 7 5700G VGA RTX3050 DDR4 16GB SSD 256GB HDD 1TB WIFI,6000000,Ilham Computer Bandung,Bandung,0.0,1.0
pc gaming ryzen 7,3000000,Hutama Guppies Farm,Kab. Cirebon,0.0,0.0
"pc gaming ryzen 7 5700x, 32GB DDR4, RTX 3080 8GB 256Bit",13500000,"We Service - Toko Komputer dan Jasa Service Komputer, Laptop",Jakarta Utara,0.0,0.0
PC gaming Ryzen 7 3700X spek mantap siap pakai,5850000,sm digital,Samarinda,0.0,0.0
pc gaming ryzen 7 5700G full set,3900000,Maheswari9,Bandung,5.0,1.0
NEW PC GAMING AMD RYZEN 7 3700X,12990000,PROTOZZ,Jakarta Utara,5.0,23.0
Gaming PC Ryzen 7 5700G 8 Core 16GB DDR4 RGB White NVMe PES PUBG Valorant Render,5350000,Djogjaholic,Kab. Sleman,5.0,2.0
PC Gaming AMD Ryzen 7 5700X VGA RTX 4070 12GB RAM 32GB SSD NVME 1TB,13445000,V-Rey Computer,Bandung,0.0,0.0
PC GAMING AMD RYZEN 7 2700X RAM 32 GB GTX 1050 TI 4 GB DDR5 128 BIT,7000000,Nangin computer,Jakarta Pusat,0.0,0.0
PC Gaming Komputer Rakitan PRO Ryzen 7 5800X RX 6800 XT SSD NVMe 1TB,27600000,x-kom,Jakarta Barat,5.0,1.0
Pc Gaming Ryzen 7 5700X I Ram 32Gb I Nvme 1Tb I Rtx 3060ti 8Gb,8950000,Birrul Gaming Pc 08,Kab. Bandung,5.0,1.0
PC Gaming Komputer Rakitan PRO Ryzen 7 5800X RTX 3070 NVMe 1TB,31400000,x-kom,Jakarta Barat,5.0,1.0
PC Rakitan Komputer Gaming AMD Ryzen 7 7800X3D NVIDIA RTX 3080 Ti 1,25299000,Fcuking Game Shop,Kab. Sidoarjo,0.0,0.0
"AOOSTAR GEM10 Ryzen 7 7840HS/6800H Mini PC with 32GB LPDDR5  3* NVME SSD, Gaming Desktop Computer with Oculink/2*2.5G LAN",18872000,AISYAH MULTI SHOP,Jakarta Barat,0.0,0.0
Pc mini Pc Rakit Gaming Desktop 16Gb Dual Channel DeskMini X300 Asrock Ryzen 5 3400G Windows 11 Spek Gaming VEGA 7 Nego Preloved Komputer Kecil Mini,4600000,Tip-Store,Depok,0.0,0.0
Gaming PC Ryzen 7 5700G 8 Core 16CPU Thread 16GB DDR4 256GB NVMe ARGB White PES GTA Valorant Dota,5250000,Djogjaholic,Kab. Sleman,0.0,0.0
pc gaming amd ryzen 7 5800x,3500000,INTAN Computer Solutions,Jakarta Timur,0.0,0.0
"PC GAMING RYZEN 7 8700F LIQUID COOLER DA 360 ARGB MB GAMING WIFI D5 VGA RTX 4060TI 8GB RAM 32GB D5 RGB SSD 1TB NVME FULLSET CURVED ULTRAWIDE 34""",21930000,Kadal Gaming Surabaya,Surabaya,0.0,1.0
TOPTON AMD AI Mini PC Ryzen 7 8845HS Oculink 2*USB4.0 2*M.2 PCIe 2*DDR5 5600 2.5G LAN Mini Gaming PC 8K Desktop Computer WiFi6,27296800,ANSHIERU STORE,Jakarta Pusat,0.0,0.0
PC Gaming Rakitan RTX 4060 Ti Intel i7-12700F / AMD Ryzen 7 5700X | RAM 16GB Murah,15985150,FroPC,Jakarta Pusat,0.0,0.0
"AITTACT New Mini PC Ryzen 9 5900HX ES/Ryzen 7 5800H Windows 11 DDR4 Max 64GB WIFI6 RTL8852, BT5.2 Mini PC diy gaming computer",17208000,ANSHIERU STORE,Jakarta Pusat,0.0,0.0
PC Rakitan Gaming/Editing RYZEN TX 9 (Ready),16000000,Haise no !!,Jakarta Selatan,0.0,0.0
AMD Ryzen 9 R9 8945HS GMK NucBox K11 Gaming Mini PC,8999000,MONARCHE ID,Semarang,5.0,2.0
PC editing gaming ryzen 9 3900,9500000,tazwania online shop,Bekasi,5.0,1.0
PC Gaming AMD Ryzen 9 9900X3D/RTX 5070 12GB/NVME 1TB/DDR5 64GB Gaming-Editing-Streaming,21735000,GT Computer,Bandung,5.0,2.0
PC GAMING AMD RYZEN 9 9900X VGA RTX3060 12GB DDR5 32GB NVME 1TB WIFI,20195000,Ilham Computer Bandung,Bandung,5.0,1.0
Pc Gaming Ryzen 9 7900X I 16Gb I 256Gb I 1tb,12400000,Birrul Gaming Pc 08,Kab. Bandung,5.0,1.0
PC Gaming AMD Ryzen 9 7900X|RTX 5070Ti 16GB|64GB DDR5|NVME TOP,18450000,IGame Store,Bandung,0.0,1.0
PC Gaming Komputer Rakitan PRO Ryzen 9 5900X RTX 3090,52800000,x-kom,Jakarta Barat,5.0,2.0
PC Gaming Komputer Rakitan PRO Ryzen 9 3900X RTX 2080 Super NVMe 256GB,33800000,x-kom,Jakarta Barat,5.0,1.0
Minisforum Gaming Mini PC AMD Ryzen 9 7945HX 16 Core 32 Thread NVIDIA RTX 4060 8G 2*DDR5 Windows 11 Desktop Gamer Tower Computer,51514000,ANSHIERU STORE,Jakarta Pusat,0.0,0.0
AMD Mini PC Ryzen 9 7940HS ES R7 7840HS ES Gaming PC RGB Color Gamer Windows 11 WiFi 6 DDR5 NVMe SSD 4K Computer,20194000,ANSHIERU STORE,Jakarta Pusat,0.0,0.0
Render PC Ryzen 9 5900X 12 Core 24 CPU 32GB RAM RTX 4060 8GB DDR6 NVMe 512GB RGB Render Gaming Grafis Lumion Wukong,16500000,Djogjaholic,Kab. Sleman,0.0,0.0
PC Gaming Komputer Rakitan PRO Ryzen 9 3900X RTX 2080 Super SSD 256GB,25800000,x-kom,Jakarta Barat,5.0,1.0
PC Gaming Komputer Rakitan PRO Ryzen 9 3900X RTX 3080 SSD NVMe 512GB,34500000,x-kom,Jakarta Barat,5.0,3.0
Gaming Mini PC AMD Ryzen 9 5900HX R7 7730U 5825U Windows 11 DDR4 3200MHz NVMe Mini Desktop Computer NUC 3x4K HTPC WiFi6 BT5.2,17518000,ANSHIERU STORE,Jakarta Pusat,0.0,0.0
PC Gaming Komputer Rakitan PRO Ryzen 9 5900X RX 6900 XT,43200000,x-kom,Jakarta Barat,5.0,1.0
Topton AMD Mini PC Ryzen 9 6900HX ES 8 Core 2xDDR5 2xLAN 2.5G NVMe USB4 Windows 11 Pro Desktop Gamer Mini Gaming Computer WiFi6E,18289600,AISYAH MULTI SHOP,Jakarta Barat,0.0,0.0
AMD Ryzen 9 7940HS  R7 7735HS 680M Chatreey AM08 Mini PC Gaming,25247300,Mitramall 84,Jakarta Timur,0.0,0.0
2024 New Gaming PC AMD Ryzen 9 5900HX 7 7730U Windows 11 DDR4 3200MHz NVMe Mini PC Desktop Computer 3x4K HTPC WiFi6 BT5.2,15472000,AISYAH MULTI SHOP,Jakarta Barat,0.0,0.0
PC Gaming Komputer Rakitan PRO Ryzen 9 5900X RTX 3080 Ti,33800000,x-kom,Jakarta Barat,5.0,2.0
Hot Sale AMD Mini PC Ryzen 9 5900HX R7 7730U R5 7530U Windows 11 Pro 2x DDR4 NVMe SSD Gaming Desktop Computer 3*8K Display HTPC,17918000,ANSHIERU STORE,Jakarta Pusat,0.0,0.0
D15 New AMD Mini PC Ryzen 9 5900HX R7 7730U R5 7530U 2xDDR4 NVMe Dual LAN Windows 11 Pro Mini Gaming Desktop Computer WiFi6E,17864000,AISYAH MULTI SHOP,Jakarta Barat,0.0,0.0
Topton Mini PC Gamer AMD Ryzen 9 5900HX 7 7730U 5800U Windows 11 DDR4 3200MHz Gaming Mini Computer Barebone 8K HTPC WiFi6 BT5.2,12970000,AISYAH MULTI SHOP,Jakarta Barat,0.0,0.0
AMD Gaming Mini PC Ryzen 7 7730U 9 5900HX Windows 11 Pro 2xDDR4 2xNVMe Gamer Desktop Computer 3*8K Display HTPC WiFi6 BT5.2,17270000,ANSHIERU STORE,Jakarta Pusat,0.0,0.0
Minisforum Gaming Mini PC AMD Ryzen 9 7945HX 16 Core 32 Thread NVIDIA RTX 4060 8G 2*DDR5 Windows 11 Gamer Tower Desktop Computer,51514000,ANSHIERU STORE,Jakarta Pusat,0.0,0.0
Hot Sale AMD Mini PC Ryzen 7 7730U 9 5900HX Windows 11 Pro 2xDDR4 2xNVMe Gaming Desktop Computer 3*8K Display HTPC WiFi6 BT5.2,11066000,ANSHIERU STORE,Jakarta Pusat,0.0,0.0
AMD Ryzen 9 7940HS  R7 7735HS 680M Chatreey AM08 Mini PC Gaming,25050200,toko berkah kita satu,Jakarta Barat,0.0,0.0
PC GAMING Ryzen 9 5900X | GTX 1650 | 16GB | NVME | Streaming,12450000,POINT99 COMPUTER,Bandung,0.0,0.0
PC Gaming Komputer Rakitan PRO Ryzen 9 3900X RTX 2080 Super NVMe 1TB,38850000,x-kom,Jakarta Barat,5.0,1.0
"Mini Gaming PC AMD Ryzen 9 8945HS Desktop Mini Computers Windows 11 pro Radeon 780M Graphics,2.5Gbps LAN, HDMI 2.1, 8K USB 4.0",30086800,ANSHIERU STORE,Jakarta Pusat,0.0,0.0
Topton Cheap AMD Mini PC Ryzen 9 5900HX R7 7730U R5 7530U 2xDDR4 NVMe 2xLAN Windows 11 Pro Desktop Mini Gaming Computer WiFi6E,17650000,ANSHIERU STORE,Jakarta Pusat,0.0,0.0
GMKtec Oculink Mini Computer K11 K8 Plus M7 AMD Ryzen 9 8945HS 8845HS 6850H 2*USB4 2*DDR5 2*2.5G LAN Gaming PC Windows 11 WiFi6,27548800,AISYAH MULTI SHOP,Jakarta Barat,0.0,0.0
PC GAMING EDITING INTEL CORE I5 GEN6,2999000,Sonic Computer Depok,Depok,0.0,1.0
"CPU Rakitan Intel Core i5 3470 Up 3.6Ghz PC Komputer Gaming Desain - GTX 750TI, GTX 1050, RX 580, ARC A380",2675200,JNC KOMPUTER,Jakarta Pusat,4.9,100.0
Paket CPU Gaming PC Gamer / Nvidia AMD Ati Radeon intel core i3 i5,1699000,EXCO COMPUTER STORE,Kab. Wonosobo,5.0,100.0
"Pc Gaming intel core i5 gen 12 RTX 3070TI  Ram 16GB Ssd 1 Tb & 256GB , Size M-ATX (High End PC Gaming)",15000000,Hype Toy,Jakarta Utara,0.0,0.0
PC GAMING INTEL I5 12400F GEN12,6500000,Udi Computer,Kab. Garut,0.0,0.0
PC GAMING INTEL CORE I5 10400F RAM 16GB GTX1660 SUPER 6GB DDR6,5915000,R21CompSemarang,Semarang,5.0,3.0
PC GAMING Intel Core i5 10400F/GTX 1650/DDR4 16GB/SSD/Gaming-Editing,5300000,IGame Store,Bandung,5.0,17.0
"AILLEEN Komputer All in one PC gaming Core Intel i5/i7 RAM 8G SSD 256G/512GB Monitor PC 22/24Inch AIO Computer WiFi/Bluetooth Windows10/11 Gratis Keyboard dan Mouse Dapat dipilih,Garansi 1 Tahun",1699999,AILLEEN,Kab. Tangerang,0.0,0.0
PAKET KOMPUTER GAMING PC INTEL i5 RAM 8GB VGA HD 500GB,1700000,Anra Computer,Kab. Karawang,0.0,0.0
PC Gaming Mantap Intel Core i5,4400000,Persada Computer,Bandung,4.9,23.0
PC GAMING | Intel i5 10600 | RAM 16GB | NVIDIA GTX1050 | MOBO ASUS TUF WIFI | SSD SAMSUNG 250GB,5950000,Rudhi Soe Arts,Surabaya,0.0,0.0
PC Rakitan Intel Core i5 13400F RTX3060 12GB B760M DDR5 | Gaming LiveStreaming Design Editing Render,16280000,Victory Komputer_NEW,Semarang,0.0,0.0
PC GAMING INTEL CORE I5 GEN 6 - RADEON RX 580 2048SP - 16GB RAM,5000000,CowBoys Store,Tangerang,5.0,2.0
PC Rakitan GAMING gtx 750 ti Midas intel processor i3 i5 i7 4th gen NVME vgen enlight premium,2950000,TwoRayStore,Jakarta Pusat,0.0,0.0
PC Editing & Gaming Intel Core i5 10400F/GTX 1650/High-End Mantap,4275000,BCM Computer_NEW,Bandung,5.0,50.0
PC RAKITAN GAMING INTEL i5 11400F I GTX 1650 4GB I STREAMING NAMPOL,4725000,IGame Store,Bandung,0.0,0.0
PC Gaming Intel i5 9400F RAM 16GB SSD 1TB VGA Nvidia GT 730 Motherboard MSI H310M DS2 Wifi Gaming Gigabyte Komputer Good Condition,3100000,NuraLink,Surabaya,0.0,0.0
PC Gaming | Intel 12th Core i5-12600K | UHD 770 |16GB Ram | 512GB NVme,9999000,Carant,Jakarta Utara,5.0,1.0
PC RAKITAN GAMING INTEL I5 12400F I 16GB RAM I 256GB NVME I RX 6600,8750000,dhivakurniawan,Jakarta Selatan,5.0,12.0
PC GAMING INTEL i5 Gen 2 VGA NVIDIA GT 1030 DDR5 MURMER,3800000,allmueza,Tangerang,5.0,1.0
Gaming PC Intel I5 12400F 8GB RAM DDR5 RX 550 4GB GDDR5.,6655000,MJ Teknologi Semarang,Semarang,0.0,0.0
PC gaming rtx 3070ti Intel core i5 gen13 tinggal pakai,13500000,xtrim computer jogja,Kab. Bantul,0.0,0.0
PC Gaming Intel Core i5 3470 | Ram 8GB | HDD 500GB | VGA RX 570 4GB,3350000,allmueza,Tangerang,4.9,9.0
PC GAMING | Intel Xeon X3430 setara (i5-760) | Radeon R7 250 | 8GB RAM,3199000,Carant,Jakarta Utara,5.0,30.0
PC GAMING intel i5 10400F gen 10th GTX 1650 Super SSD 512GB,5700000,allmueza,Tangerang,5.0,1.0
PC GAMING INTEL i5 3470 | RAM 8GB | SSD 120GB | NVIDIA GTX 750 Ti 2GB,2700000,allmueza,Tangerang,5.0,12.0
Dijual paket pc gaming gahar intel core i5,11000000,MaMeat,Cilegon,0.0,0.0
PC Gaming Intel i5 9400F RTX 3070 PINK COC,7800000,Vaan Toys Karawang,Kab. Karawang,0.0,0.0
PC GAMING intel i5 9400F GTX 1650 Super SSD 128GB HDD 500G,5650000,allmueza,Tangerang,5.0,1.0
PC GAMING INTEL CORE I5 10400F GENERASI 10 TERBARU,3450000,CINOS COMPUTER,Bandung,5.0,1.0
PC / CPU Gaming Intel core i5 10400F + GTX 1660Super,5000000,Zola Gaming,Denpasar,0.0,0.0
"PC Gaming Lengkap Intel Core i7 | GTX 750TI 4GB | 8GB | LED 24"" - Rakitan Gaming PC 5",3192000,NENET COMPUTER,Bandung,4.9,100.0
PC Rakitan Gaming Intel Core i7 6700 8GB with GTX 1050Ti 4GB GDDR5,5229000,Vinorious Computer,Surabaya,5.0,3.0
Komputer Gaming PC intel i7 Motherboard Asus Gaming,4000000,Work In Line,Bandung,0.0,0.0
PAKET PC Gaming Intel I7 White Edition | i7-12700F | SSD 512 B | 16GB,13000000,ToniX Computer,Jakarta Pusat,0.0,0.0
PC Editing Rendering Gaming Intel i7 Ram 16GB SSD 128GB VGA 4GB,4368450,Anuku local store,Jakarta Barat,0.0,0.0
PC GAMING INTEL CORE I7 14700KF VGA RTX5070 12GB DDR5 32GB NVME 1TB WIFI,16935000,Ilham Computer Bandung,Bandung,0.0,0.0
PC Gaming Intel Core i7 12700F | DDR5 32 GB | RTX 5060Ti 8GB | NVME 1TB Editing - Gaming MANTAP,11450000,BCM Computer_NEW,Bandung,5.0,2.0
PC Gaming intel Core i7 + Ram 16GB + Vga 4GB + HDD 500GB + SSD,2500000,Nastia Computer,Bandung,0.0,0.0
CPU | PC Rakitan Gaming Design Intel Core i7 - 16GB - Nvidia 2GB - RGB,5750000,Liemz Store,Semarang,0.0,0.0
KOMED PC - ORION Intel Core i7 12700F RAM 2x16GB DDR5 RTX4060Ti 8GB SSD 1TB HDD 2TB PC Gaming,29841000,KomputerMedan OS,Medan,0.0,0.0
RAKITAN PC GAMING INTEL CORE I7 4790 RAM 8GB SSD 240GB PSU 550W RGB,2499000,Sonic Computer Depok,Depok,0.0,1.0
PAKET PC GAMING|RENDER INTEL CORE I7 FULLSET,6050000,Aerotech Com,Bandung,5.0,5.0
RAKITAN PC GAMING INTEL CORE I7 4790 RAM 16GB SSD 240GB WIN10,2599000,Blue Com99,Jakarta Selatan,0.0,0.0
PC GAMING mini | Intel Core i7-860 | GT 1030 2GB | 8GB RAM,4699000,Carant,Jakarta Utara,5.0,13.0
pc gaming intel core i7 6700 gen 6 ram 16gb SSD + HDD,2350000,Maheswari9,Bandung,5.0,1.0
PC GAMING EDITING INTEL i7 | RAM 16GB | SSD 120GB | VGA 2GB | LG 19,5999999,allmueza,Tangerang,5.0,3.0
PC RAKITAN GAMING INTEL I7 12700F I 16GB I 256GB I GTX 1650 DDR6,13500000,dhivakurniawan,Jakarta Selatan,5.0,2.0
PC Gaming Intel i7 6700 Ram 8GB SSD 120GB VGA NVIDIA 2GB DDR5 Garansi,5200000,allmueza,Tangerang,5.0,1.0
PC Gaming Intel i7 12700K | RTX 4060Ti 16GB |32GB DDR5 | NVME 1TB | DESIGN - EDITING - Streaming,13750000,BCM Computer_NEW,Bandung,0.0,0.0
PC RAKITAN GAMING INTEL CORE I7 6700 RAM 8GB SSD 256GB VGA 1030 2GB OK,3420000,EPEPAYO COMPUTER,Jakarta Pusat,5.0,1.0
PC Gaming | Intel Core i7 - 4770 | GTX 1050Ti 4GB I 16GB RAM | SSD,6499000,Carant,Jakarta Utara,5.0,14.0
PC Gaming Siap Editing intel Processor 7th gen i3 i5 i7 mb VARRO NVME V-GEN ENLIGHT CASING GTX 750ti,5000000,TwoRayStore,Jakarta Pusat,0.0,0.0
PC Gaming Intel Core i7 12700F Gen12 16GB with Nvidia GTX 1650 4GB,9780000,Vinorious Computer,Surabaya,0.0,0.0
PC Gaming | Intel Core i7 - 3770 | GTX 1660 Super 6GB I 16GB RAM | SSD,8399000,Carant,Jakarta Utara,5.0,1.0
PC GAMING mini | Intel Core i7-860 | GTX 1050 Ti 4GB | 8GB RAM | SSD,5499000,Carant,Jakarta Utara,5.0,5.0
PC RAKITAN INTEL i7 3770 RAM 16GB VGA RX 560 4GB 128BIT GAMING DESIGN,3800000,allmueza,Tangerang,5.0,3.0
PC Gaming Design Office Intel i7 12700F RAM 16GB RTX 4070 12 GB,25800000,Evcys Computer id,Jakarta Selatan,5.0,2.0
PC Gaming | Intel Core i9-10900 | Inte UHD 630 | 32GB RAM | 512GB NVme,12499000,Carant,Jakarta Utara,5.0,16.0
PC Intel Core i9-10900K | 16GB | SSD 1TB | RTX 3070 Gaming Rendering,18750000,CINOS COMPUTER,Bandung,0.0,0.0
PC Rakitan Intel Core i9 12900f Editing Rendering dan Gaming,17999000,POINT99 COMPUTER,Bandung,5.0,3.0
PC Gaming Komputer Rakitan PRO Intel i9 10900KF RTX 3080,27200000,x-kom,Jakarta Barat,5.0,1.0
10th Gen MINI Gaming PC Intel Core i7-10870H i9-10980HK GTX1660 6G GPU high-end gaming computer 2 * DDR4   4K DVI HDMI DP,20161600,ANSHIERU STORE,Jakarta Pusat,0.0,0.0
MINI PC GAMING 14TH GEN INTEL CORE I9-14900F 64GB RAM 2TB SSD RTX 4070 12GB VRAM,29700000,MYCOMSHOP,Jakarta Utara,0.0,0.0
PC Gaming Intel 12th | Core i9-12900 | Intel UHD 770 | 16GB RAM | NVme,14699000,Carant,Jakarta Utara,5.0,6.0
PC Gaming Komputer Rakitan PRO Intel i9 10900 RTX 3070,33850000,x-kom,Jakarta Barat,5.0,1.0
PC Gaming Komputer Rakitan PRO intel i9 10900,15450000,x-kom,Jakarta Barat,5.0,1.0
PC Gaming Design Office Intel i9 12900F RAM 16GB RTX 4090 24 GB,50950000,Evcys Computer id,Jakarta Selatan,0.0,0.0
PC Gaming Komputer Rakitan PRO Intel i9 10900 RTX 3070 NVMe 1TB,28900000,x-kom,Jakarta Barat,5.0,1.0
PC Gaming Komputer Rakitan PRO Intel i9 10900K,17950000,x-kom,Jakarta Barat,5.0,1.0
PC Gaming Komputer Rakitan PRO Intel i9 11900K RTX 3080 Ti,33250000,x-kom,Jakarta Barat,5.0,1.0
PC Gaming Intel Core i9 14900K | RTX 4070TI SUPER 16GB | NVME 1TB | DDR5 32GB | Editing - Streaming - Gaming,25200000,BCM Computer_NEW,Bandung,0.0,0.0
Gaming Mini Desktop PC Intel Core i9-12900H NVIDIA RTX4060 RTX3050 8GB GPU 32GB DDR4 1TB M.2 NVMe SSD WiFi6 Win11 RGB Light,30191200,ANSHIERU STORE,Jakarta Pusat,0.0,0.0
PC Gaming Intel i9-12900F | RTX 4080 SUPER 24GB | 16GB RAM 256GB NVMe,33800000,GGcomputers,Kab. Tangerang,0.0,0.0
PC Gaming Intel Core i9 14900K | Geforce RTX 5070Ti 16GB | DDR5 32GB | NVME 1TB | Mantul,20600000,BCM Computer_NEW,Bandung,5.0,13.0
PC Gaming Komputer Rakitan PRO intel i9 10900 RX 6800,28400000,x-kom,Jakarta Barat,5.0,1.0
PC Gaming Komputer Rakitan PRO Intel i9 10900 RTX 3090,39800000,x-kom,Jakarta Barat,5.0,1.0
PC Gaming Intel i9-14900F | RTX 4080 SUPER 24GB | 16GB RAM 256GB NVMe,35600000,GGcomputers,Kab. Tangerang,0.0,0.0
PC Gaming Komputer Rakitan PRO Intel i9 10900K RTX 3090,41800000,x-kom,Jakarta Barat,5.0,1.0
PC Gaming Intel | i9-11900F | RTX 4060 Ti 8GB | 16GB RAM | 256GB NVMe,19900000,GGcomputers,Kab. Tangerang,0.0,0.0
Gaming Mini PC Intel i7-12700H i9-12900HK i9-11900H NVIDIA RTX3060 12GB Graphics 2x M2 SSD WiFi6 Type-C 3x HDMI2.0 Win11/10,28648600,ANSHIERU STORE,Jakarta Pusat,0.0,0.0
16 Inch Gaming Notebook NVIDIA RTX 4060 8G Intel i9 12900H i7 13620H 165Hz IPS Screen Windows 11 Laptop Gamer PC Computer WiFi6,38957200,ANSHIERU STORE,Jakarta Pusat,0.0,0.0
PC Rakitan Gaming Intel Core i9 14900KS | RTX 4090 24GB | DDR5 128GB | NVME 2TB | Ausu ROG,100000000,V-Rey Computer,Bandung,0.0,0.0
PC GAMING INTEL CORE I9 14900K VGA RTX5070 12GB DDR5 64GB RGB NVME 2TB WIFI,25900000,Ilham Computer Bandung,Bandung,0.0,0.0
Intel i9-10980HK i7 13700H Mini PC Gamer Discrete Graphic NVIDIA RTX3060 12G RTX4060 8G Windows 11 Desktop Gaming Computer WiFi6,36559600,ANSHIERU STORE,Jakarta Pusat,0.0,0.0
Gaming Computer Intel Core i9 12900HK i7 9750H 8750H GTX RTX 3168WIFI Independent graphics  HDMI2.0 4K BT4.0 Win11 Mini PC,31573600,ANSHIERU STORE,Jakarta Pusat,0.0,0.0
AtomMan G7 Ti Mini PC Gamer Intel i9 14900HX i7 14650HX NVIDIA RTX 4070 8G GDDR6 2xDDR5 USB4 Gaming Computer Workstation WiFi7,65541400,ANSHIERU STORE,Jakarta Pusat,0.0,0.0
Topton Mini PC Gamer 13th Gen Intel i9 12900F i7 13700F Nvidia RTX 4060Ti 8G 3060 PCIE4.0 Windows 11 Mini Gaming Computer WiFi6,47752000,ANSHIERU STORE,Jakarta Pusat,0.0,0.0
pc gaming Editing MSi core i7 ram 32gb,3500000,Rockstar Galery,Depok,0.0,0.0
Pc gaming editing fullset core I7 3770 komputer CPU VGA GT 730 2GB E15,8500000,PC KOMPUTER ENGINEERING,Jakarta Selatan,5.0,4.0
JUAL BU PC GAMING EDITING RENDERING FULLSET SIAP PAKAI,3500000,AMDez IT,Bandung,0.0,0.0
PC GAMING / EDITING I7 / RX 6700XT 12GB / RAM 16GB / DLL - MURAH,7500000,SkidRow,Jakarta Selatan,0.0,0.0
PC GAMING Core i5 4590 I 16GB I GTX 1650 4GB I SSD I GAMING & EDITING,3525000,BCM Computer_NEW,Bandung,5.0,2.0
pc gaming builtup editing design cpu Dell i7 gen6 ram16 VGA card 4 gb,9612000,PT PRIMA,Jakarta Pusat,5.0,14.0
PC GAMING EDITING FULLSET CORE I5 12400F RAM 16GB LAYAR 24 IPS,7470000,Kadal Gaming Surabaya,Surabaya,5.0,4.0
PC Gaming / Editing i7 8700 MSI Z370M DDR4 2x16GB PSU Corsair PLATINUM HX850 + Liquid Cooler Thermaltake Water 3.0,6300000,Adim Garage,Jakarta Timur,0.0,0.0
1 Set PC/Komputer Gaming & Editing,3500000,Kaou Goods,Bekasi,0.0,0.0
PC AMD Editing,3200000,Rheza Prakoso,Bengkulu,0.0,0.0
Pc Gaming editing Core i5 10400f | 16gb | Rx 6600 8gb | 256gb nvm| 500,6998800,Rakit PC 212,Tangerang,5.0,2.0
PC Ryzen Gaming Kerja Editing Bekas Second,12000000,JRDNTP,Jakarta Barat,0.0,0.0
PC Rakitan Design Gaming Editing Custom Spesifikasi #2,10995000,Vinorious Computer,Surabaya,5.0,18.0
CPU RAKITAN PC CORE I5 RAM 8 GB VGA 2 GB GDDR5 GAMING EDITING,3500000,G2Games,Tangerang Selatan,5.0,4.0
Armaggeddon Pc Gaming Editing Rakitan Inspire Amd Ryzen / Athlon /,10495000,lisnavani,Bogor,0.0,0.0
JARANG PAKAI! PC GAMING EDITING CORE i9 RAM 32GB RTX 3060Ti - SIAP KERJA BERAT,27545000,Abghan,Jakarta Timur,0.0,0.0
PC GAMING EDITING I5 12400F / RTX 2060 / RAM 16GB / DLL NEW - MURAH,7700000,SkidRow,Jakarta Selatan,5.0,2.0
PC Editing Render Monster. Core i9 32 cpus RAM 128 GB RTX 4070 21 GBPS,39990000,Kosen Komputer Jogja_NEW,Kab. Sleman,5.0,1.0
Komputer CPU Desktop PC i7 Gaming Desain Editing All In DDR5 RAM 32 GB,29700000,RyLife,Bekasi,0.0,0.0
PC RAKITAN GAMING CORE I7 GEN 10 RAM 32 GB SSD 240 GB VGA GTX1030,7000000,Barus Computer Store,Bekasi,0.0,0.0
PC KOMPUTER RAKITAN GAMING LENGKAP I7 12700/RAM 32 GB /SSD 1 TB /VGA,25550000,RAF compuer,Bandar Lampung,0.0,0.0
PAKET PC GAMING EDITING INTEL I3 GEN 12 RAM 32 GB VGA 4GB SSD 512GB,4550000,Reminderfy Official Store,Kab. Sumedang,0.0,0.0
PC Rakitan Gaming MARVEL RIVALS Edition - MAX Setting 2K Rata Kanan | AMD Ryzen 5 7600X | RAM 32 GB Kit | 2TB SSD,11415000,GX COMP,Bandung,5.0,1.0
PC GAMING RYZEN 5 5600G RAM 32 GB SSD 512 HDD 1 TB LED 24 SIAP GAMES,9050000,Takasima komputer,Bandung,5.0,1.0
"PC RAKIT GAMING FULL SET AMD RYZEN 5 5400G / SSD 512 GB / RAM 32 GB / HARDISK 1 TB / GRAFIS / LAYAR 19 """,5960000,Kataji Computer,Bandung,0.0,0.0
PC GAMING FULLSET VGA RTX 2060 I9 GEN 9 CORE I9 9900 RAM 32 GB N28,39700000,PHQS Premium dan High Quality Store,Jakarta Utara,0.0,0.0
Corsair Vengeance RGB RS DDR4 32GB (16GBx2) 3200MHz Black CMG32GX4M2E3200C16 - RAM Memory PC Gaming Komputer ARGB iCue Hitam 32 GB 2x 16 Desktop 3200,1497321,Jevon Holding Co by Wifiman,Jakarta Barat,5.0,2.0
Takasima Computer PC Gaming Desain Core i7 RAM 32 GB RTX 3050 8GB SSD 512 GB LED 24 Inci Rakitan Kantor Admin Kasir UNBK Sekolah Gaming Live Streaming Editing Rendering Design Win 10 Pro 64 Bit,9550000,Takasima komputer,Bandung,0.0,0.0
New PC RAKITAN GAMING i5 10400f | RAM 32 GB | VGA RTX 3060 12 GB | SSD 256 GB | HDD 500 GB CASING ROBOT SIAP PAKAI,19761000,franstore03,Jakarta Timur,0.0,0.0
PC RAKITAN GAMING GRAFIS LENGKAP CORE i3 RAM 32 GB / SSD 512 GB / HARDISK 1 TB / VGA DDR6 6 GB/ LAYAR 19 INCH,9680000,Kataji Computer,Bandung,0.0,0.0
PC RAKITAN GAMING i5-10400F | RAM DDR4 32 GB | VGA RTX 4060 8 GB | EDITING DESAIN LIVE STREAMING TERMURAH,4635000,Aerotech Com,Bandung,0.0,0.0
PC GAMING RYZEN RAM 32 GB SSD 256 GB SIAP GAMES,2950000,Takasima komputer,Bandung,0.0,0.0
PC Gaming intel i5 gen 12th RAM 32 Gb VGA 6700 XT,12500000,Justcallmenino,Jakarta Utara,0.0,0.0
PC Gaming Rendering Editing Intel Core i7 14700F | Ram DDR5 32 GB | VGA RTX 4060 8 GB,16170000,Heinzy komputer,Bandung,0.0,0.0
[PROMO] CORSAIR VENGEANCE RGB DDR5 64GB (32GBX2) 5200MHZ BLACK CMH64GX5M2B5200C40 - RAM MEMORY PC GAMING KOMPUTER ARGB ICUE HITAM 2X 16 GB 32 5200,4600000,Nirwana Perdana Market,Jakarta Barat,0.0,0.0
PC Rakitan Gaming  MARVEL RIVALS Edition - MAX Setting 2K Rata Kanan | AMD Ryzen 5 7600 | RAM 32 GB Kit | 1TB SSD - PC Only,20939000,GX COMP,Bandung,0.0,0.0
PC Rakitan Gaming MARVEL RIVALS Edition | Intel i5 12400f | RAM 32 GB Kit | 512GB SSD - PC Only,11138000,GX COMP,Bandung,0.0,0.0
GAMING PC Intel Core i5-12400F RAM 32 GB GARANSI RESMI / PC Rakitan EK Gaming BattleStar 306-12G AYW / GALAX GeForce /  FULLY LOADED,12990000,PS Enterprise Official,Jakarta Utara,0.0,0.0
[DISC] PC RAKITAN GAMING INTEL I5 11400F | RAM 32 GB | VGA RTX 4060 8 GB | SIAP LIVE STREAMING,9844000,Zephyr Mall ID,Jakarta Barat,0.0,0.0
PC GAMING Editing Fullset CORE I9 9900 RAM 32 GB VGA GTX 1660 6GB E160,34500000,PC KOMPUTER ENGINEERING,Jakarta Selatan,0.0,0.0
PC RAKITAN GAMING i5 10400f | RAM 32 GB | VGA RTX 3060 12 GB | SSD 256 GB | HDD 500 GB CASING ROBOT SIAP PAKAI,19124000,HAPPYNS MARTT,Jakarta Barat,0.0,0.0
PC RAKITAN GAMING GRAFIS CORE i5 RAM 32 GB / SSD 512 GB / HARDISK 1 TB / VGA DDR6 6 GB,10700000,Kataji Computer,Bandung,0.0,0.0
PC RAKITAN GAMING GRAFIS LENGKAP CORE i5 RAM 32 GB / SSD 512 GB / HARDISK 1 TB / VGA DDR6 6 GB/ LAYAR 24 'Inch,11150000,Kataji Computer,Bandung,0.0,0.0
PC Gaming FullSet AMD Ryzen 5 5600G Ram 32 GB Ssd 240 Gb Lengkap LED 24 Inch Keyboard Mouse Gaming,9885000,HAPPYNS MARTT,Jakarta Barat,0.0,0.0
PC GAMING CORE I7 RAM 32 GB GTX 4GB DDR5 SSD 256GB HDD 500 GB,6670000,Takasima komputer,Bandung,5.0,1.0
PC GAMING CORE I7 RAM 32 GB SSD 512 GB VGA 8GB SIAP GAMES,6275000,Takasima komputer,Bandung,5.0,6.0
PC GAMING CORE I7 8700 RAM 32 GB VGA 8 GB MONITOR 32 INCI CURVE,10570000,Takasima komputer,Bandung,5.0,4.0
Pc Gaming core i7 ram 32 gb gtx 4 gb fulsett,11915000,Takasima komputer,Bandung,5.0,1.0
pc gaming core i5 ram 32 gb gtx 4 gb ssd 256 hdd 1 tb case gaming psu 500 watt,4775000,Takasima komputer,Bandung,5.0,1.0
PC GAMING CORE I7 8700 RAM 32 GB SSD 512 GB VGA 8 GB SIAP GAMES,7300000,Takasima komputer,Bandung,5.0,4.0
PC GAMING CORE I7 12700F RAM 32 GB RTX 3050 SSD 1 TB PSU 550 WATT RGB,16100000,Takasima komputer,Bandung,5.0,1.0
PC GAMING CORE I5 RAM 32 GB VGA 4 GB NVME 512 LED 27 INCI FULLSET,8600000,Takasima komputer,Bandung,5.0,1.0
